,Team A,Matches Played,Winning Percentage,Set Winning Percentage,Matches Won,Matches Lost,Sets Won,Sets Lost,Total Points For,Total Points Against,Set 1 Points For,Set 1 Points Against,Set 2 Points For,Set 2 Points Against,Set 3 Points For,Set 3 Points Against,Number of Final Sets,Set 1 Points For per match average,Set 1 Points Against per match average,Set 2 Points For per match average,Set 2 Points Against per match average,Set 3 Points For per match average,Set 3 Points Against per match average,TEQ Score
0,Hugo Rabeux & Julien Grondin,90,82.22,79.5,74,16,159,41,2232,1318,1018,557,1020,557,194,204,20,11.31,6.19,6.19,6.19,9.7,10.2,126.4
1,Apor Gyorgydeak & Szabolcs Ilyes,87,79.31,77.01,69,18,144,43,2049,1227,943,554,975,540,131,133,13,10.84,6.37,6.21,6.21,10.08,10.23,110.89
2,Adam Blazsovics & Csaba Banyik,75,90.67,86.5,68,7,141,22,1864,971,862,422,869,439,133,110,13,11.49,5.63,5.85,5.85,10.23,8.46,121.97
3,Dennis Correia & Luka Pilic,61,88.52,86.51,54,7,109,17,1419,820,686,357,689,429,44,34,4,11.25,5.85,7.03,7.03,11.0,8.5,94.29
4,Csaba Banyik & Zsanett Janicsek,58,96.55,91.87,56,2,113,10,1452,835,690,370,682,411,80,54,7,11.9,6.38,7.09,7.09,11.43,7.71,103.81
5,Bogdan Marojevic & Nikola  Mitro,47,95.74,89.32,45,2,92,11,1202,584,555,236,544,277,103,71,9,11.81,5.02,5.89,5.89,11.44,7.89,82.17
6,Adrian Duszak & Bartlomiej Franczuk,43,74.42,71.74,32,11,66,26,972,714,459,322,440,329,73,63,6,10.67,7.49,7.65,7.65,12.17,10.5,47.35
7,Maja Umicevic & Nikola  Mitro,43,76.74,71.13,33,10,69,28,1035,766,445,347,473,319,117,100,11,10.35,8.07,7.42,7.42,10.64,9.09,49.08
8,Carolyn Greco & Margaret Osmundson,38,78.95,77.5,30,8,62,18,882,526,417,245,424,243,41,38,4,10.97,6.45,6.39,6.39,10.25,9.5,48.05
9,Leonardo Lindoso De Almeida & Vania Moraes Da Cruz,30,86.67,86.89,26,4,53,8,704,389,349,187,348,190,7,12,1,11.63,6.23,6.33,6.33,7.0,12.0,46.05
10,Amelie  Julian & Hugo Rabeux,28,60.71,55.56,17,11,35,28,659,587,298,258,280,265,81,64,7,10.64,9.21,9.46,9.46,11.57,9.14,19.44
11,Matheus  Ferraz & Rodrigo Bento Medeiros,27,70.37,71.93,19,8,41,16,609,404,292,168,288,200,29,36,3,10.81,6.22,7.41,7.41,9.67,12.0,29.49
12,Julien Grondin & Lauryne Scherrer,27,62.96,59.68,17,10,37,25,614,569,252,246,281,242,81,81,8,9.33,9.11,8.96,8.96,10.12,10.12,22.08
13,Apor Gyorgydeak & Tunde Miklos,25,68.0,64.91,17,8,37,20,619,463,273,188,272,212,74,63,7,10.92,7.52,8.48,8.48,10.57,9.0,24.02
14,Alexa Almeida & Stephanie Brito,25,40.0,44.07,10,15,26,33,568,603,230,264,260,241,78,98,9,9.2,10.56,9.64,9.64,8.67,10.89,11.46
15,Balazs Katz & Zalan Szegedi,24,58.33,54.72,14,10,29,24,511,469,216,200,237,221,58,48,5,9.0,8.33,9.21,9.21,11.6,9.6,15.87
16,Anna Izsak & Arpad Sipos,23,34.78,32.0,8,15,16,34,437,549,185,257,203,261,49,31,4,8.04,11.17,11.35,11.35,12.25,7.75,5.12
17,Adam Bako & Lea Vasas,23,73.91,69.81,17,6,37,16,587,429,266,161,245,204,76,64,7,11.57,7.0,8.87,8.87,10.86,9.14,25.83
18,Adam Bako & Soma Fordos,23,82.61,74.51,19,4,38,13,571,401,260,156,250,199,61,46,5,11.3,6.78,8.65,8.65,12.2,9.2,28.31
19,Lukas Flaks & Petr Bubniak,21,47.62,52.17,10,11,24,22,438,448,191,209,214,190,33,49,4,9.1,9.95,9.05,9.05,8.25,12.25,12.52
20,Adam Blazsovics & Gabriella Kota,21,76.19,69.39,16,5,34,15,529,405,234,164,219,182,76,59,7,11.14,7.81,8.67,8.67,10.86,8.43,23.59
21,Patryk Kaminski & Piotr Cygan,20,55.0,53.33,11,9,24,21,453,412,199,181,193,177,61,54,5,9.95,9.05,8.85,8.85,12.2,10.8,12.8
22,Daniel Gaspar & Rubem Miranda,20,75.0,68.89,15,5,31,14,456,352,202,149,203,167,51,36,5,10.1,7.45,8.35,8.35,10.2,7.2,21.36
23,David Incze & Gellert Feleki,20,40.0,40.91,8,12,18,26,399,441,177,197,176,204,46,40,4,8.85,9.85,10.2,10.2,11.5,10.0,7.36
24,Andres Berriel & Frankie Diaz,19,100.0,97.44,19,0,38,1,467,231,228,120,227,106,12,5,1,12.0,6.32,5.58,5.58,12.0,5.0,37.03
25,Brett Lorenzini & Luka Pilic,19,89.47,83.33,17,2,35,7,476,263,221,93,211,140,44,30,4,11.63,4.89,7.37,7.37,11.0,7.5,29.17
26,Balazs Katz & Balazs Krisztian  Velkey,19,78.95,76.19,15,4,32,10,466,271,207,109,219,124,40,38,4,10.89,5.74,6.53,6.53,10.0,9.5,24.38
27,Katalin Dako & Kinga Barabasi,18,61.11,60.0,11,7,24,16,409,371,183,173,186,156,40,42,4,10.17,9.61,8.67,8.67,10.0,10.5,14.4
28,Gabor Bajor & Zoltan Pal,18,44.44,46.15,8,10,18,21,348,385,156,175,168,177,24,33,3,8.67,9.72,9.83,9.83,8.0,11.0,8.31
29,Leonardo Santana & Rafaella Fontes,18,66.67,62.5,12,6,25,15,419,341,190,155,184,152,45,34,4,10.56,8.61,8.44,8.44,11.25,8.5,15.62
30,Bence Forgacs & Matyas Odnoga,17,64.71,58.97,11,6,23,16,397,378,163,161,174,171,60,46,5,9.59,9.47,10.06,10.06,12.0,9.2,13.56
31,Lauryne Scherrer & Lea Hoffmann,17,29.41,27.78,5,12,10,26,258,380,123,178,111,190,24,12,2,7.24,10.47,11.18,11.18,12.0,6.0,2.78
32,Arnold Szilagyi & Hunor Kristaly,16,43.75,42.42,7,9,14,19,277,298,130,148,135,142,12,8,1,8.12,9.25,8.88,8.88,12.0,8.0,5.94
33,Dennis Correia & Frankie Diaz,16,93.75,93.94,15,1,31,2,382,176,186,81,192,83,4,12,1,11.62,5.06,5.19,5.19,4.0,12.0,29.12
34,Dennis Correia & Hayden Criollo,16,62.5,63.64,10,6,21,12,328,269,167,122,153,135,8,12,1,10.44,7.62,8.44,8.44,8.0,12.0,13.36
35,Agnieszka Rybicka & Aleksandra Orzechowska,15,40.0,38.24,6,9,13,21,300,343,135,147,122,162,43,34,4,9.0,9.8,10.8,10.8,10.75,8.5,4.97
36,Margaret Osmundson & Rubem Miranda,15,66.67,65.71,10,5,23,12,379,277,165,114,168,108,46,55,5,11.0,7.6,7.2,7.2,9.2,11.0,15.11
37,Gabriella Kota & Zsanett Janicsek,15,60.0,58.06,9,6,18,13,307,285,146,131,148,143,13,11,1,9.73,8.73,9.53,9.53,13.0,11.0,10.45
38,Kimberly Baker & Roberto  Rubiolo,15,60.0,59.38,9,6,19,13,312,262,148,105,138,132,26,25,2,9.87,7.0,8.8,8.8,13.0,12.5,11.28
39,Barna Kovacsfi & Boglarka Nagy,14,21.43,28.57,3,11,10,25,323,378,119,163,133,142,71,73,7,8.5,11.64,10.14,10.14,10.14,10.43,2.86
40,Alicja Bartnicka & Bartlomiej Franczuk,14,57.14,59.38,8,6,19,13,329,322,139,135,149,140,41,47,4,9.93,9.64,10.0,10.0,10.25,11.75,11.28
41,Konrad Nowicki & Marek Pokwap,14,35.71,34.48,5,9,10,19,240,287,118,141,110,140,12,6,1,8.43,10.07,10.0,10.0,12.0,6.0,3.45
42,Marcos Vieira & Natalia Guitler,14,85.71,80.0,12,2,24,6,339,214,158,108,157,89,24,17,2,11.29,7.71,6.36,6.36,12.0,8.5,19.2
43,Anastasija Lemajic & Bogdan Marojevic,14,57.14,56.25,8,6,18,14,347,264,150,106,153,125,44,33,4,10.71,7.57,8.93,8.93,11.0,8.25,10.12
44,Carolyn Greco & Hayden Criollo,14,85.71,80.0,12,2,24,6,329,219,155,99,150,106,24,14,2,11.07,7.07,7.57,7.57,12.0,7.0,19.2
45,Andres Berriel & Brian Jose Pereira,14,85.71,73.53,12,2,25,9,368,303,141,131,158,124,69,48,6,10.07,9.36,8.86,8.86,11.5,8.0,18.38
46,Brett Lorenzini & Michael Mcandrews,14,78.57,75.86,11,3,22,7,321,218,149,105,160,103,12,10,1,10.64,7.5,7.36,7.36,12.0,10.0,16.69
47,Jean Thierry Belus & Lionel Beyer,14,57.14,58.62,8,6,17,12,291,270,139,126,143,132,9,12,1,9.93,9.0,9.43,9.43,9.0,12.0,9.97
48,Patryk Kaminski & Paulina Lezak,13,61.54,58.62,8,5,17,12,289,265,133,114,122,124,34,27,3,10.23,8.77,9.54,9.54,11.33,9.0,9.97
49,Luka Pilic & Margaret Osmundson,13,61.54,62.07,8,5,18,11,307,237,142,93,138,113,27,31,3,10.92,7.15,8.69,8.69,9.0,10.33,11.17
50,Joao Pedro Nunes Sonda & Leonardo Lindoso De Almeida,12,83.33,80.77,10,2,21,5,297,175,134,77,141,76,22,22,2,11.17,6.42,6.33,6.33,11.0,11.0,16.96
51,Joao Barreto & Thiago Lusardi,12,75.0,76.0,9,3,19,6,285,187,138,86,137,89,10,12,1,11.5,7.17,7.42,7.42,10.0,12.0,14.44
52,Adam Bako & Barna Kovacsfi,12,66.67,64.29,8,4,18,10,290,239,125,96,121,105,44,38,4,10.42,8.0,8.75,8.75,11.0,9.5,11.57
53,Baptiste Berna & Loris  Kapp,12,50.0,50.0,6,6,13,13,238,245,105,107,113,118,20,20,2,8.75,8.92,9.83,9.83,10.0,10.0,6.5
54,Barna Kovacsfi & Zsombor Bene,12,41.67,48.28,5,7,14,15,260,272,92,118,129,96,39,58,5,7.67,9.83,8.0,8.0,7.8,11.6,6.76
55,Bence Forgacs & Timea Kapusi,12,41.67,46.67,5,7,14,16,262,315,100,131,118,119,44,65,6,8.33,10.92,9.92,9.92,7.33,10.83,6.53
56,Balazs Katz & Csaba Banyik,12,91.67,92.0,11,1,23,2,295,134,144,63,142,59,9,12,1,12.0,5.25,4.92,4.92,9.0,12.0,21.16
57,Natalia Guitler & Rafaella Fontes,12,91.67,88.46,11,1,23,3,301,133,142,48,138,64,21,21,2,11.83,4.0,5.33,5.33,10.5,10.5,20.35
58,Farid Grine & Fethi Larit,11,36.36,37.04,4,7,10,17,243,278,95,104,89,124,59,50,5,8.64,9.45,11.27,11.27,11.8,10.0,3.7
59,Afonso Cavalheiro & Dionisio Manuel Brito Pereira Goncalves,11,45.45,40.0,5,6,10,15,210,243,79,118,95,100,36,25,3,7.18,10.73,9.09,9.09,12.0,8.33,4.0
60,Carlos Vasques & Marcos Vieira,11,72.73,66.67,8,3,16,8,240,190,105,91,111,86,24,13,2,9.55,8.27,7.82,7.82,12.0,6.5,10.67
61,Matej Kubovy & Simon Novotny,11,54.55,54.55,6,5,12,10,199,214,99,105,100,109,0,0,0,9.0,9.55,9.91,9.91,0.0,0.0,6.55
62,Balazs Katz & Gabriella Kota,11,63.64,62.96,7,4,17,10,298,247,126,96,122,101,50,50,5,11.45,8.73,9.18,9.18,10.0,10.0,10.7
63,Fabiola Zanella Da Silva & Talita Pereira,11,72.73,69.57,8,3,16,7,230,189,110,92,108,88,12,9,1,10.0,8.36,8.0,8.0,12.0,9.0,11.13
64,Gergo Dombai & Zsofia Dezsenyi,11,36.36,37.5,4,7,9,15,222,241,90,111,111,107,21,23,2,8.18,10.09,9.73,9.73,10.5,11.5,3.38
65,Deiver Alexander Lopez & Santhy Montufar,11,63.64,63.64,7,4,14,8,227,189,113,100,114,89,0,0,0,10.27,9.09,8.09,8.09,0.0,0.0,8.91
66,Jan Ochedalski & Mateusz Twarowski,11,45.45,42.31,5,6,11,15,221,275,88,117,91,121,42,37,4,8.0,10.64,11.0,11.0,10.5,9.25,4.65
67,Carolyn Greco & Frankie Diaz,10,90.0,85.71,9,1,18,3,244,129,116,62,116,60,12,7,1,11.6,6.2,6.0,6.0,12.0,7.0,15.43
68,Brian Mengel Thomsen & Mathias Landen Jeppesen,10,60.0,57.14,6,4,12,9,194,189,98,79,84,101,12,9,1,9.8,7.9,10.1,10.1,12.0,9.0,6.86
69,Claudio Davi Ponte Dos Santos & Luiz Fernando De Mendonca De Lima,10,90.0,81.82,9,1,18,4,238,163,111,70,103,74,24,19,2,11.1,7.0,7.4,7.4,12.0,9.5,14.73
70,Farid Grine & Yassine Sahli,10,60.0,58.33,6,4,14,10,239,224,95,92,100,86,44,46,4,9.5,9.2,8.6,8.6,11.0,11.5,8.17
71,Kevin Hernandez & Walter Marcelo Avans,9,44.44,44.44,4,5,8,10,142,176,63,91,79,85,0,0,0,7.0,10.11,9.44,9.44,0.0,0.0,3.56
72,Carolyn Greco & Kimberly Baker,9,100.0,100.0,9,0,18,0,216,81,108,40,108,41,0,0,0,12.0,4.44,4.56,4.56,0.0,0.0,18.0
73,Antonio  Henriques & Joao Carlos Dos Santos Pinheiro,9,55.56,57.89,5,4,11,8,194,156,88,68,89,69,17,19,1,9.78,7.56,7.67,7.67,17.0,19.0,6.37
74,Lukas Arlauskas & Mantas Makutunovicius,9,11.11,15.79,1,8,3,16,101,217,48,102,48,103,5,12,1,5.33,11.33,11.44,11.44,5.0,12.0,0.47
75,Arovetto Lombardi & Johnny  Lombardi,9,11.11,20.0,1,8,4,16,143,222,63,102,66,96,14,24,2,7.0,11.33,10.67,10.67,7.0,12.0,0.8
76,Leonardo Santana & Marcos Vieira,9,66.67,68.42,6,3,13,6,196,152,97,70,89,70,10,12,1,10.78,7.78,7.78,7.78,10.0,12.0,8.89
77,Adrian Hricov & Lukas Hricov,9,11.11,15.79,1,8,3,16,110,217,57,100,44,105,9,12,1,6.33,11.11,11.67,11.67,9.0,12.0,0.47
78,Adam Blazsovics & Lea Vasas,9,77.78,78.95,7,2,15,4,216,164,107,70,101,82,8,12,1,11.89,7.78,9.11,9.11,8.0,12.0,11.84
79,Cedric Jaegy & Fethi Larit,9,66.67,63.16,6,3,12,7,173,157,84,72,75,73,14,12,1,9.33,8.0,8.11,8.11,14.0,12.0,7.58
80,Julien Grondin & Lea Hoffmann,9,66.67,66.67,6,3,14,7,219,172,100,76,95,63,24,33,3,11.11,8.44,7.0,7.0,8.0,11.0,9.33
81,Luz Acuna Corona & Yulissa Meza Torres Meza,9,11.11,15.79,1,8,3,16,105,217,46,101,49,104,10,12,1,5.11,11.22,11.56,11.56,10.0,12.0,0.47
82,Roberto Velloso Oliveira & Rubem Miranda,9,66.67,65.0,6,3,13,7,219,155,97,70,100,64,22,21,2,10.78,7.78,7.11,7.11,11.0,10.5,8.45
83,Aj Brown & Chelsey Breana Patterson,9,66.67,63.16,6,3,12,7,176,180,77,92,87,79,12,9,1,8.56,10.22,8.78,8.78,12.0,9.0,7.58
84,Aj Brown & Margaret Osmundson,9,77.78,77.78,7,2,14,4,197,107,96,48,101,59,0,0,0,10.67,5.33,6.56,6.56,0.0,0.0,10.89
85,Christine Kwon & Kristen Chong,9,33.33,36.84,3,6,7,12,167,190,75,93,82,85,10,12,1,8.33,10.33,9.44,9.44,10.0,12.0,2.58
86,Boldizsar Levik & Patrik Borbely,9,33.33,40.0,3,6,8,12,151,198,66,84,72,90,13,24,2,7.33,9.33,10.0,10.0,6.5,12.0,3.2
87,Yassine Sahli & Youssef Sahli,9,11.11,15.79,1,8,3,16,129,213,58,102,63,99,8,12,1,6.44,11.33,11.0,11.0,8.0,12.0,0.47
88,Bence Forgacs & Rebeka Godo,8,50.0,44.44,4,4,8,10,151,182,63,82,60,81,28,19,2,7.88,10.25,10.12,10.12,14.0,9.5,3.56
89,Carolyn Greco & Constantino  Wells,8,87.5,87.5,7,1,14,2,180,100,92,49,88,51,0,0,0,11.5,6.12,6.38,6.38,0.0,0.0,12.25
90,Hunor Kristaly & Katalin Dako,8,25.0,25.0,2,6,4,12,122,175,58,89,64,86,0,0,0,7.25,11.12,10.75,10.75,0.0,0.0,1.0
91,Coralie Daul & Lauryne Scherrer,8,12.5,22.22,1,7,4,14,125,197,62,80,44,93,19,24,2,7.75,10.0,11.62,11.62,9.5,12.0,0.89
92,Georgi  Yanev & Nedelcho Andonov,8,50.0,44.44,4,4,8,10,147,195,61,88,62,88,24,19,2,7.62,11.0,11.0,11.0,12.0,9.5,3.56
93,Florencia  Gomez & Wendy Pintor,8,0.0,0.0,0,8,0,16,65,192,37,96,28,96,0,0,0,4.62,12.0,12.0,12.0,0.0,0.0,0.0
94,Jan Ochedalski & Nicol Bnyamin,8,0.0,5.88,0,8,1,16,111,199,52,91,56,96,3,12,1,6.5,11.38,12.0,12.0,3.0,12.0,0.06
95,Arnold Szilagyi & Kinga Barabasi,8,25.0,25.0,2,6,4,12,121,174,61,85,60,89,0,0,0,7.62,10.62,11.12,11.12,0.0,0.0,1.0
96,Jonathan Coquelle & Maxime Genin,8,37.5,40.0,3,5,8,12,175,204,79,78,55,90,41,36,4,9.88,9.75,11.25,11.25,10.25,9.0,3.2
97,Boldizsar Gemza & Soma Cseri,8,62.5,55.56,5,3,10,8,182,173,74,69,77,79,31,25,2,9.25,8.62,9.88,9.88,15.5,12.5,5.56
98,Davide Di Poce & Tyler  Regan,8,62.5,52.63,5,3,10,9,201,170,82,78,83,78,36,14,3,10.25,9.75,9.75,9.75,12.0,4.67,5.26
99,Lucas Prado & Rayan Steglich,8,62.5,65.0,5,3,13,7,215,158,88,52,93,63,34,43,4,11.0,6.5,7.88,7.88,8.5,10.75,8.45
100,Balazs Krisztian  Velkey & Krisztina Acs,8,50.0,50.0,4,4,8,8,148,165,70,79,78,86,0,0,0,8.75,9.88,10.75,10.75,0.0,0.0,4.0
101,Balazs Krisztian  Velkey & Kristof Murvai,8,62.5,62.5,5,3,10,6,171,126,84,62,88,64,0,0,0,10.5,7.75,8.0,8.0,0.0,0.0,6.25
102,Lukas Flaks & Tomas Macurek,8,50.0,45.0,4,4,9,11,188,214,75,88,64,84,49,42,4,9.38,11.0,10.5,10.5,12.25,10.5,4.05
103,Andre Espinoza & Rogelio Eduardo Alvarado Torres,8,75.0,66.67,6,2,12,6,190,170,81,76,85,80,24,14,2,10.12,9.5,10.0,10.0,12.0,7.0,8.0
104,Balazs Krisztian  Velkey & Gergo Dombai,8,62.5,61.11,5,3,11,7,182,159,86,72,79,67,17,20,2,10.75,9.0,8.38,8.38,8.5,10.0,6.72
105,Bence Forgacs & Zalan Szegedi,7,42.86,52.94,3,4,9,8,178,153,75,59,81,58,22,36,3,10.71,8.43,8.29,8.29,7.33,12.0,4.76
106,Abdulilah  Alzoubi & Maher Al Ali,7,85.71,70.59,6,1,12,5,172,142,75,59,61,63,36,20,3,10.71,8.43,9.0,9.0,12.0,6.67,8.47
107,Carolyn Greco & Jordan Marada,7,71.43,66.67,5,2,10,5,161,95,73,35,76,56,12,4,1,10.43,5.0,8.0,8.0,12.0,4.0,6.67
108,Anna Izsak & Lea Vasas,7,57.14,60.0,4,3,9,6,152,127,70,58,75,57,7,12,1,10.0,8.29,8.14,8.14,7.0,12.0,5.4
109,Frankie Diaz & Nidal Almaree,7,85.71,80.0,6,1,12,3,166,125,76,64,78,51,12,10,1,10.86,9.14,7.29,7.29,12.0,10.0,9.6
110,Brian Jose Pereira & Frankie Diaz,7,71.43,73.33,5,2,11,4,170,95,80,43,82,40,8,12,1,11.43,6.14,5.71,5.71,8.0,12.0,8.07
111,Andres Berriel & Deiver Alexander Lopez,7,85.71,80.0,6,1,12,3,171,128,79,61,80,59,12,8,1,11.29,8.71,8.43,8.43,12.0,8.0,9.6
112,Boglarka Nagy & Martin Csereklye,7,42.86,52.94,3,4,9,8,167,154,71,56,80,62,16,36,3,10.14,8.0,8.86,8.86,5.33,12.0,4.76
113,Kevin Hernandez & Michael Silva,7,28.57,33.33,2,5,5,10,112,170,51,77,54,81,7,12,1,7.29,11.0,11.57,11.57,7.0,12.0,1.67
114,Apor Szocs & Janos Kis,7,28.57,26.67,2,5,4,11,101,149,43,73,46,69,12,7,1,6.14,10.43,9.86,9.86,12.0,7.0,1.07
115,Fellipe Oliveira Souza & Matheus Henrique Barbosa Araujo,7,71.43,64.71,5,2,11,6,182,135,67,49,82,64,33,22,3,9.57,7.0,9.14,9.14,11.0,7.33,7.12
116,Emily Eitzman & Roberta  Goulart,7,57.14,56.25,4,3,9,7,161,151,73,63,69,63,19,25,2,10.43,9.0,9.0,9.0,9.5,12.5,5.06
117,Arpad Sipos & Balazs Imreh,7,100.0,93.33,7,0,14,1,179,90,84,35,83,49,12,6,1,12.0,5.0,7.0,7.0,12.0,6.0,13.07
118,Abel  Hegedus & Barna Kovacsfi,7,71.43,68.75,5,2,11,5,163,138,63,62,80,57,20,19,2,9.0,8.86,8.14,8.14,10.0,9.5,7.56
119,Kimberly Baker & Nancy Avesyan,7,71.43,73.33,5,2,11,4,160,122,73,55,81,55,6,12,1,10.43,7.86,7.86,7.86,6.0,12.0,8.07
120,Edwin  Garcia & Luka Pilic,7,85.71,86.67,6,1,13,2,172,99,84,42,78,45,10,12,1,12.0,6.0,6.43,6.43,10.0,12.0,11.27
121,Kimberly Baker & Margaret Osmundson,7,100.0,100.0,7,0,14,0,168,47,84,26,84,21,0,0,0,12.0,3.71,3.0,3.0,0.0,0.0,14.0
122,Kareli Rodriguez & Mia  Valente,7,42.86,37.5,3,4,6,10,146,174,61,74,58,80,27,20,2,8.71,10.57,11.43,11.43,13.5,10.0,2.25
123,Abraham Romero & Jorge  Hernandez,7,71.43,71.43,5,2,10,4,155,111,77,52,78,59,0,0,0,11.0,7.43,8.43,8.43,0.0,0.0,7.14
124,Atzimba Palomares & Elvia Loredo,7,28.57,26.67,2,5,4,11,81,162,36,77,33,75,12,10,1,5.14,11.0,10.71,10.71,12.0,10.0,1.07
125,Zsanett Janicsek & Zsofia Anna Blazsovics-Petri,7,71.43,62.5,5,2,10,6,177,146,74,67,79,64,24,15,2,10.57,9.57,9.14,9.14,12.0,7.5,6.25
126,Krystian Michalczyk & Krzysztof Mikulski,7,28.57,26.67,2,5,4,11,119,162,59,76,48,76,12,10,1,8.43,10.86,10.86,10.86,12.0,10.0,1.07
127,Aj Brown & Caleb Candelaria,7,28.57,33.33,2,5,5,10,131,155,57,71,69,72,5,12,1,8.14,10.14,10.29,10.29,5.0,12.0,1.67
128,Julian Portugal & Mckenzie Karas,7,42.86,42.86,3,4,6,8,123,127,61,66,62,61,0,0,0,8.71,9.43,8.71,8.71,0.0,0.0,2.57
129,Iva Burvalova & Lukas Flaks,7,42.86,47.06,3,4,8,9,167,173,69,78,68,58,30,37,3,9.86,11.14,8.29,8.29,10.0,12.33,3.76
130,Christine Kwon & Kareli Rodriguez,7,57.14,60.0,4,3,9,6,137,110,63,46,70,52,4,12,1,9.0,6.57,7.43,7.43,4.0,12.0,5.4
131,Gabriella Kota & Krisztina Acs,7,57.14,53.33,4,3,8,7,149,123,66,61,71,56,12,6,1,9.43,8.71,8.0,8.0,12.0,6.0,4.27
132,Grzegorz Staskiewicz & Karol Polesiak,7,42.86,43.75,3,4,7,9,129,147,58,60,54,65,17,22,2,8.29,8.57,9.29,9.29,8.5,11.0,3.06
133,Jonathan Coquelle & Yassine Sahli,7,42.86,46.67,3,4,7,8,122,146,64,70,54,65,4,12,1,9.14,10.0,9.29,9.29,4.0,12.0,3.27
134,David Kratochvil & Martin Sehrig,7,28.57,33.33,2,5,5,10,115,153,47,73,65,68,3,12,1,6.71,10.43,9.71,9.71,3.0,12.0,1.67
135,Alan Marcelo Ferreira Cavalcanti & Rafaela Ferreira Veiga,7,71.43,66.67,5,2,10,5,149,118,71,57,66,59,12,2,1,10.14,8.14,8.43,8.43,12.0,2.0,6.67
136,Amelie  Julian & Chloe  Andreoletti,7,42.86,46.67,3,4,7,8,126,149,63,70,57,67,6,12,1,9.0,10.0,9.57,9.57,6.0,12.0,3.27
137,Carolyn Greco & Santhy Montufar,7,85.71,85.71,6,1,12,2,156,96,75,42,81,54,0,0,0,10.71,6.0,7.71,7.71,0.0,0.0,10.29
138,Denilson Olivera & Michael Silva,7,42.86,46.67,3,4,7,8,136,133,64,55,65,66,7,12,1,9.14,7.86,9.43,9.43,7.0,12.0,3.27
139,Roberta  Goulart & Yesenia  Reyes,7,71.43,61.11,5,2,11,7,190,145,77,56,68,62,45,27,4,11.0,8.0,8.86,8.86,11.25,6.75,6.72
140,Carolyn Greco & Rubem Miranda,7,85.71,85.71,6,1,12,2,156,82,77,36,79,46,0,0,0,11.0,5.14,6.57,6.57,0.0,0.0,10.29
141,Adrien Uka & Lionel Beyer,7,42.86,46.67,3,4,7,8,134,137,67,63,60,62,7,12,1,9.57,9.0,8.86,8.86,7.0,12.0,3.27
142,Ioan-Mihai Macarie & Vasile Alexandru Sabau,7,42.86,42.86,3,4,6,8,117,133,61,68,56,65,0,0,0,8.71,9.71,9.29,9.29,0.0,0.0,2.57
143,Agnieszka Walak & Monika  Walak,7,0.0,17.65,0,7,3,14,121,200,52,81,48,82,21,37,3,7.43,11.57,11.71,11.71,7.0,12.33,0.53
144,Juliane Braga Zanfranceschi & Margaret Osmundson,7,100.0,87.5,7,0,14,2,185,93,82,39,79,44,24,10,2,11.71,5.57,6.29,6.29,12.0,5.0,12.25
145,Dennis Correia & Margaret Osmundson,7,57.14,53.33,4,3,8,7,154,139,70,62,72,69,12,8,1,10.0,8.86,9.86,9.86,12.0,8.0,4.27
146,Andre Espinoza & Kareli Rodriguez,7,28.57,25.0,2,5,4,12,141,181,51,77,66,84,24,20,2,7.29,11.0,12.0,12.0,12.0,10.0,1.0
147,Kristal  Luna & Nicholas Rogers,7,28.57,37.5,2,5,6,10,155,151,66,61,68,64,21,26,2,9.43,8.71,9.14,9.14,10.5,13.0,2.25
148,Ana  Moriconi Schardong & Margaret Osmundson,7,85.71,86.67,6,1,13,2,175,109,84,45,82,52,9,12,1,12.0,6.43,7.43,7.43,9.0,12.0,11.27
149,Leonardo Lindoso De Almeida & Leonardo Santana,6,66.67,66.67,4,2,8,4,127,97,63,42,64,55,0,0,0,10.5,7.0,9.17,9.17,0.0,0.0,5.33
150,Lucas Lima & Marlon Rodrigues,6,50.0,50.0,3,3,6,6,115,102,62,55,53,47,0,0,0,10.33,9.17,7.83,7.83,0.0,0.0,3.0
151,Martin Csereklye & Romain  Gesmier,6,66.67,66.67,4,2,8,4,134,96,67,50,67,46,0,0,0,11.17,8.33,7.67,7.67,0.0,0.0,5.33
152,Ewa Kaminska & Patryk Kaminski,6,50.0,53.85,3,3,7,6,132,116,58,47,66,57,8,12,1,9.67,7.83,9.5,9.5,8.0,12.0,3.77
153,Baitik  Azamotov & Erbor Musuraliev,6,83.33,78.57,5,1,11,3,152,119,70,46,66,55,16,18,2,11.67,7.67,9.17,9.17,8.0,9.0,8.64
154,Ivan Grom & Oleh Usychenko,6,50.0,50.0,3,3,6,6,114,121,61,66,53,55,0,0,0,10.17,11.0,9.17,9.17,0.0,0.0,3.0
155,Lea Vasas & Zsanett Janicsek,6,100.0,92.31,6,0,12,1,152,86,72,36,68,41,12,9,1,12.0,6.0,6.83,6.83,12.0,9.0,11.08
156,Kriszta Lakatos & Szabolcs Ilyes,6,16.67,15.38,1,5,2,11,80,145,36,72,32,70,12,3,1,6.0,12.0,11.67,11.67,12.0,3.0,0.31
157,Guilherme Henriques & Pedro Miguel De Almeida Vicente,6,33.33,38.46,2,4,5,8,102,135,39,63,57,60,6,12,1,6.5,10.5,10.0,10.0,6.0,12.0,1.92
158,Ewa Kaminska & Nicol Bnyamin,6,16.67,15.38,1,5,2,11,107,154,50,71,44,72,13,11,1,8.33,11.83,12.0,12.0,13.0,11.0,0.31
159,Achille Wozniak-Lemarie & Alex Nunes,6,0.0,0.0,0,6,0,12,54,144,23,72,31,72,0,0,0,3.83,12.0,12.0,12.0,0.0,0.0,0.0
160,Adrien Uka & Jonathan Coquelle,6,33.33,33.33,2,4,4,8,78,120,39,61,39,59,0,0,0,6.5,10.17,9.83,9.83,0.0,0.0,1.33
161,Aleksandra Orzechowska & Balazs Katz,6,50.0,57.14,3,3,8,6,141,135,54,56,70,55,17,24,2,9.0,9.33,9.17,9.17,8.5,12.0,4.57
162,Ashlyn Kearney & Margaret Osmundson,6,83.33,71.43,5,1,10,4,151,130,63,56,64,56,24,18,2,10.5,9.33,9.33,9.33,12.0,9.0,7.14
163,Carolyn Greco & Michael Ruecktenwald,6,66.67,66.67,4,2,8,4,132,89,63,45,69,44,0,0,0,10.5,7.5,7.33,7.33,0.0,0.0,5.33
164,Alejandro Ordaz & Roberto Acuna-Corona,6,33.33,38.46,2,4,5,8,98,130,41,54,49,64,8,12,1,6.83,9.0,10.67,10.67,8.0,12.0,1.92
165,Ester Viana Mendes & Lucas Bernardes,6,83.33,83.33,5,1,10,2,135,86,64,44,71,42,0,0,0,10.67,7.33,7.0,7.0,0.0,0.0,8.33
166,Zalan Szegedi & Zsofia Dezsenyi,6,16.67,23.08,1,5,3,10,104,149,46,71,50,66,8,12,1,7.67,11.83,11.0,11.0,8.0,12.0,0.69
167,Eli Dent & John Halbert,6,33.33,38.46,2,4,5,8,111,129,54,56,52,61,5,12,1,9.0,9.33,10.17,10.17,5.0,12.0,1.92
168,Mara Dalessandro & Vincenzo Streppone,6,0.0,7.69,0,6,1,12,84,155,31,72,43,71,10,12,1,5.17,12.0,11.83,11.83,10.0,12.0,0.08
169,Curtis Kirby & Kimberly Baker,6,33.33,38.46,2,4,5,8,114,134,55,62,51,60,8,12,1,9.17,10.33,10.0,10.0,8.0,12.0,1.92
170,Ahmad  Arabi & Jahed Araby,6,66.67,57.14,4,2,8,6,136,142,51,68,61,55,24,19,2,8.5,11.33,9.17,9.17,12.0,9.5,4.57
171,Brian Jose Pereira & Margaret Osmundson,6,66.67,69.23,4,2,9,4,136,109,64,48,67,49,5,12,1,10.67,8.0,8.17,8.17,5.0,12.0,6.23
172,Brian Jose Pereira & Santhy Montufar,6,83.33,83.33,5,1,10,2,134,95,64,48,70,47,0,0,0,10.67,8.0,7.83,7.83,0.0,0.0,8.33
173,Eldar Ulan Uulu & Syimyk Isanov,6,50.0,50.0,3,3,7,7,143,141,68,56,52,63,23,22,2,11.33,9.33,10.5,10.5,11.5,11.0,3.5
174,Leonardo Lindoso De Almeida & Lucas Bernardes,6,100.0,85.71,6,0,12,2,161,90,72,34,65,39,24,17,2,12.0,5.67,6.5,6.5,12.0,8.5,10.29
175,Hubert Sylvain  Noah Essomba & Laurent Mbassa Bakout,6,66.67,61.54,4,2,8,5,128,100,59,42,57,53,12,5,1,9.83,7.0,8.83,8.83,12.0,5.0,4.92
176,Margaret Osmundson & Michael Ruecktenwald,6,50.0,53.85,3,3,7,6,129,120,53,54,67,54,9,12,1,8.83,9.0,9.0,9.0,9.0,12.0,3.77
177,Margaret Osmundson & Riley  West,6,66.67,66.67,4,2,8,4,110,108,56,52,54,56,0,0,0,9.33,8.67,9.33,9.33,0.0,0.0,5.33
178,Bruno Basile Montini & Lucas Fertonani Aragao,6,66.67,62.5,4,2,10,6,163,151,58,61,71,50,34,40,4,9.67,10.17,8.33,8.33,8.5,10.0,6.25
179,Emily Eitzman & Nancy Avesyan,6,50.0,50.0,3,3,7,7,123,140,56,59,55,64,12,17,2,9.33,9.83,10.67,10.67,6.0,8.5,3.5
180,Bartlomiej Franczuk & Martin Csereklye,6,83.33,84.62,5,1,11,2,148,75,72,35,68,28,8,12,1,12.0,5.83,4.67,4.67,8.0,12.0,9.31
181,Deiver Alexander Lopez & Frankie Diaz,6,83.33,84.62,5,1,11,2,146,63,72,17,67,34,7,12,1,12.0,2.83,5.67,5.67,7.0,12.0,9.31
182,Maciej Soldan & Radoslaw Pyffel,6,16.67,16.67,1,5,2,10,82,138,42,68,40,70,0,0,0,7.0,11.33,11.67,11.67,0.0,0.0,0.33
183,Eric Alberto Guzman & Irvin  Gijon,6,33.33,38.46,2,4,5,8,110,126,46,56,55,58,9,12,1,7.67,9.33,9.67,9.67,9.0,12.0,1.92
184,Alexsandro Abreu Martins & Leonardo Silva Da Silveira,6,66.67,57.14,4,2,8,6,136,127,60,53,52,59,24,15,2,10.0,8.83,9.83,9.83,12.0,7.5,4.57
185,Abraham Romero & Carolyn Greco,6,83.33,66.67,5,1,10,5,164,109,64,51,64,36,36,22,3,10.67,8.5,6.0,6.0,12.0,7.33,6.67
186,Connor  Carman & Frankie Diaz,6,66.67,64.29,4,2,9,5,140,116,58,45,64,53,18,18,2,9.67,7.5,8.83,8.83,9.0,9.0,5.79
187,Didier  Frotte & Jean Thierry Belus,6,66.67,66.67,4,2,8,4,131,79,69,40,62,39,0,0,0,11.5,6.67,6.5,6.5,0.0,0.0,5.33
188,Carlos Barbosa & Diego Rafael Santos,6,50.0,46.15,3,3,6,7,113,124,47,60,54,57,12,7,1,7.83,10.0,9.5,9.5,12.0,7.0,2.77
189,Mia  Valente & Santhy Montufar,6,33.33,35.71,2,4,5,9,119,147,56,63,40,63,23,21,2,9.33,10.5,10.5,10.5,11.5,10.5,1.79
190,Andres Berriel & Santhy Montufar,6,83.33,83.33,5,1,10,2,130,91,64,46,66,45,0,0,0,10.67,7.67,7.5,7.5,0.0,0.0,8.33
191,Mia  Valente & Nancy Avesyan,6,33.33,35.71,2,4,5,9,133,149,58,60,50,64,25,25,2,9.67,10.0,10.67,10.67,12.5,12.5,1.79
192,Daniel Theobald & Rogelio Eduardo Alvarado Torres,6,83.33,83.33,5,1,10,2,136,96,68,45,68,51,0,0,0,11.33,7.5,8.5,8.5,0.0,0.0,8.33
193,Gabriel Dominguez Olivieira & Jose Moreno Freira,6,50.0,42.86,3,3,6,8,107,135,38,67,45,61,24,7,2,6.33,11.17,10.17,10.17,12.0,3.5,2.57
194,Carolyn Greco & Kristal  Luna,6,100.0,100.0,6,0,12,0,144,41,72,21,72,20,0,0,0,12.0,3.5,3.33,3.33,0.0,0.0,12.0
195,Andres Berriel & Kenshiro  Daniels,6,83.33,76.92,5,1,10,3,145,95,67,33,66,53,12,9,1,11.17,5.5,8.83,8.83,12.0,9.0,7.69
196,Adam Blazsovics & Zsofia Anna Blazsovics-Petri,6,33.33,38.46,2,4,5,8,125,131,59,63,56,56,10,12,1,9.83,10.5,9.33,9.33,10.0,12.0,1.92
197,Andres Berriel & Margaret Osmundson,6,83.33,84.62,5,1,11,2,144,83,66,30,72,41,6,12,1,11.0,5.0,6.83,6.83,6.0,12.0,9.31
198,Mia  Valente & Stephanie Brito,6,33.33,30.77,2,4,4,9,100,135,38,68,50,60,12,7,1,6.33,11.33,10.0,10.0,12.0,7.0,1.23
199,Frankie Diaz & Rubem Miranda,6,100.0,92.31,6,0,12,1,155,71,72,25,68,33,15,13,1,12.0,4.17,5.5,5.5,15.0,13.0,11.08
200,Anastasiia Terekh & Ivan Grom,6,16.67,16.67,1,5,2,10,78,133,36,67,42,66,0,0,0,6.0,11.17,11.0,11.0,0.0,0.0,0.33
201,Michael Ruecktenwald & Tyler  Regan,6,66.67,57.14,4,2,8,6,144,129,63,56,57,55,24,18,2,10.5,9.33,9.17,9.17,12.0,9.0,4.57
202,Justyna Bartman & Zsanett Janicsek,6,83.33,78.57,5,1,11,3,162,122,69,56,71,49,22,17,2,11.5,9.33,8.17,8.17,11.0,8.5,8.64
203,Mohamad Hafez & Mohhamad Sharif Asibai,6,83.33,83.33,5,1,10,2,123,99,61,44,62,55,0,0,0,10.17,7.33,9.17,9.17,0.0,0.0,8.33
204,Andres Berriel & Roberto  Rubiolo,6,83.33,83.33,5,1,10,2,131,93,65,42,66,51,0,0,0,10.83,7.0,8.5,8.5,0.0,0.0,8.33
205,Klaudia Mindak & Paulina Lezak,6,50.0,46.15,3,3,6,7,113,135,46,66,55,60,12,9,1,7.67,11.0,10.0,10.0,12.0,9.0,2.77
206,Adilet Aidarkeev & Azamat Kalysbekov,6,83.33,78.57,5,1,11,3,158,111,71,46,69,45,18,20,2,11.83,7.67,7.5,7.5,9.0,10.0,8.64
207,Kimberly Baker & Tyler  Regan,6,66.67,69.23,4,2,9,4,135,104,61,44,68,48,6,12,1,10.17,7.33,8.0,8.0,6.0,12.0,6.23
208,Carolyn Greco & Katherin Aldana,6,83.33,78.57,5,1,11,3,161,100,72,46,68,40,21,14,2,12.0,7.67,6.67,6.67,10.5,7.0,8.64
209,David Incze & Szabolcs Ilyes,6,83.33,83.33,5,1,10,2,126,64,64,32,62,32,0,0,0,10.67,5.33,5.33,5.33,0.0,0.0,8.33
210,Florencia  Gomez & Kareli Rodriguez,6,16.67,16.67,1,5,2,10,89,125,45,62,44,63,0,0,0,7.5,10.33,10.5,10.5,0.0,0.0,0.33
211,Anthony Del Do & Luigi Deldo,6,0.0,7.69,0,6,1,12,83,152,36,72,37,68,10,12,1,6.0,12.0,11.33,11.33,10.0,12.0,0.08
212,Flavio Monteiro & Fred Wilson,6,50.0,46.15,3,3,6,7,98,133,43,67,43,56,12,10,1,7.17,11.17,9.33,9.33,12.0,10.0,2.77
213,Felipe Silva & Renan Garcia,6,0.0,0.0,0,6,0,12,47,144,22,72,25,72,0,0,0,3.67,12.0,12.0,12.0,0.0,0.0,0.0
214,Arpad Sipos & Krisztian Dr Kiralyvolgyi,6,50.0,50.0,3,3,6,6,99,123,46,59,53,64,0,0,0,7.67,9.83,10.67,10.67,0.0,0.0,3.0
215,David Ortiz & Harvey Castro,6,33.33,42.86,2,4,6,8,122,131,62,50,48,57,12,24,2,10.33,8.33,9.5,9.5,6.0,12.0,2.57
216,Alicja Bartnicka & Justyna Bartman,6,66.67,57.14,4,2,8,6,140,127,55,58,61,53,24,16,2,9.17,9.67,8.83,8.83,12.0,8.0,4.57
217,Leandro Borges & Luis Felipe Taunay,6,33.33,35.71,2,4,5,9,99,139,44,64,41,54,14,21,2,7.33,10.67,9.0,9.0,7.0,10.5,1.79
218,Alisa  Kangas & Sydnie Beighley,6,16.67,15.38,1,5,2,11,85,148,36,72,37,66,12,10,1,6.0,12.0,11.0,11.0,12.0,10.0,0.31
219,Gergo Dombai & Mario Farkas,6,33.33,30.77,2,4,4,9,90,134,45,61,33,68,12,5,1,7.5,10.17,11.33,11.33,12.0,5.0,1.23
220,Daniel Maasaliev & Islam Daiirbekov,6,83.33,73.33,5,1,11,4,164,125,65,47,65,51,34,27,3,10.83,7.83,8.5,8.5,11.33,9.0,8.07
221,Andres Berriel & Curtis Kirby,6,83.33,71.43,5,1,10,4,160,120,65,58,71,48,24,14,2,10.83,9.67,8.0,8.0,12.0,7.0,7.14
222,Dmytro Stasyshen & Michael Ruecktenwald,6,66.67,57.14,4,2,8,6,136,117,52,59,60,46,24,12,2,8.67,9.83,7.67,7.67,12.0,6.0,4.57
223,Adam Blazsovics & Balazs Krisztian  Velkey,6,100.0,92.31,6,0,12,1,150,58,72,22,66,26,12,10,1,12.0,3.67,4.33,4.33,12.0,10.0,11.08
224,Antonio Venturini & Frankie Diaz,6,83.33,76.92,5,1,10,3,145,108,67,49,66,56,12,3,1,11.17,8.17,9.33,9.33,12.0,3.0,7.69
225,Garrin Aliec Nash Nash & Sebastian Arellano Alanis,6,33.33,30.77,2,4,4,9,102,141,45,68,45,65,12,8,1,7.5,11.33,10.83,10.83,12.0,8.0,1.23
226,Carlos Videla & Frankie Diaz,6,83.33,71.43,5,1,10,4,150,123,59,57,67,53,24,13,2,9.83,9.5,8.83,8.83,12.0,6.5,7.14
227,Andres Berriel & Dennis Correia,6,83.33,84.62,5,1,11,2,151,90,66,41,72,34,13,15,1,11.0,6.83,5.67,5.67,13.0,15.0,9.31
228,Kacper Otoczynski & Krystian Michalczyk,6,16.67,15.38,1,5,2,11,82,148,38,70,32,72,12,6,1,6.33,11.67,12.0,12.0,12.0,6.0,0.31
229,Andres Berriel & Harvey Castro,6,83.33,76.92,5,1,10,3,148,96,68,50,68,40,12,6,1,11.33,8.33,6.67,6.67,12.0,6.0,7.69
230,Debora Bianchi & Leonardo Giulianini,5,0.0,9.09,0,5,1,10,81,130,36,60,34,57,11,13,1,7.2,12.0,11.4,11.4,11.0,13.0,0.09
231,Kevin Hernandez & Margaret Osmundson,5,60.0,54.55,3,2,6,5,118,102,53,43,51,47,14,12,1,10.6,8.6,9.4,9.4,14.0,12.0,3.27
232,Lauro Lima & Romira Lopes,5,80.0,95.24,4,1,20,1,120,72,60,33,60,39,0,0,0,12.0,6.6,7.8,7.8,0.0,0.0,19.05
233,Daniel Theobald & Nicholas Rogers,5,60.0,66.67,3,2,8,4,128,94,56,34,52,36,20,24,2,11.2,6.8,7.2,7.2,10.0,12.0,5.33
234,Mami Yamaguchi & Margaret Osmundson,5,60.0,63.64,3,2,7,4,118,83,56,31,51,39,11,13,1,11.2,6.2,7.8,7.8,11.0,13.0,4.45
235,Chelsey Breana Patterson & Jordan Tapia,5,20.0,25.0,1,4,3,9,93,134,42,56,30,60,21,18,2,8.4,11.2,12.0,12.0,10.5,9.0,0.75
236,Carolyn Greco & Juliana Cabral,5,100.0,100.0,5,0,10,0,120,62,60,33,60,29,0,0,0,12.0,6.6,5.8,5.8,0.0,0.0,10.0
237,Brian Mengel Thomsen & Nanna Lind Kristensen,5,20.0,33.33,1,4,4,8,97,135,46,54,38,57,13,24,2,9.2,10.8,11.4,11.4,6.5,12.0,1.33
238,Daniela Salinas-Mosombite & Kristal  Luna,5,60.0,54.55,3,2,6,5,107,97,46,50,49,40,12,7,1,9.2,10.0,8.0,8.0,12.0,7.0,3.27
239,Christine Kwon & Fabiola Zanella Da Silva,5,40.0,50.0,2,3,6,6,122,121,51,49,49,46,22,26,2,10.2,9.8,9.2,9.2,11.0,13.0,3.0
240,Diego Castaneda & Ryan Black,5,0.0,16.67,0,5,2,10,70,137,30,56,29,57,11,24,2,6.0,11.2,11.4,11.4,5.5,12.0,0.33
241,Jennifer Scarleth Ferrini & Rubens  Pasino,5,20.0,27.27,1,4,3,8,91,119,43,48,40,59,8,12,1,8.6,9.6,11.8,11.8,8.0,12.0,0.82
242,Dmytro Masalov & Oleh Usychenko,5,60.0,54.55,3,2,6,5,92,107,41,45,39,54,12,8,1,8.2,9.0,10.8,10.8,12.0,8.0,3.27
243,Carolina Alves & Mariana Sanches Viana,5,0.0,0.0,0,5,0,10,20,120,11,60,9,60,0,0,0,2.2,12.0,12.0,12.0,0.0,0.0,0.0
244,Carolyn Greco & Danielle Schulmann,5,60.0,60.0,3,2,6,4,103,74,50,42,53,32,0,0,0,10.0,8.4,6.4,6.4,0.0,0.0,3.6
245,Denis Reveachin & Maksym Salamakha,5,20.0,25.0,1,4,3,9,95,131,39,52,39,60,17,19,2,7.8,10.4,12.0,12.0,8.5,9.5,0.75
246,Ekson Da Graca & Rodirlei Duarte,5,60.0,60.0,3,2,6,4,97,69,47,31,50,38,0,0,0,9.4,6.2,7.6,7.6,0.0,0.0,3.6
247,Carolyn Greco & Emily Eitzman,5,100.0,100.0,5,0,10,0,120,25,60,14,60,11,0,0,0,12.0,2.8,2.2,2.2,0.0,0.0,10.0
248,Connor  Carman & Tyler  Regan,5,60.0,58.33,3,2,7,5,114,96,52,35,42,47,20,14,2,10.4,7.0,9.4,9.4,10.0,7.0,4.08
249,Brian Esler & Carolyn Greco,5,60.0,60.0,3,2,6,4,107,76,57,38,50,38,0,0,0,11.4,7.6,7.6,7.6,0.0,0.0,3.6
250,El Yassine Omar & Taha El Hussein,5,60.0,63.64,3,2,7,4,106,77,50,29,47,36,9,12,1,10.0,5.8,7.2,7.2,9.0,12.0,4.45
251,David Incze & Kinga Barabasi,5,60.0,63.64,3,2,7,4,108,103,56,46,50,45,2,12,1,11.2,9.2,9.0,9.0,2.0,12.0,4.45
252,Maia Rondinelli Rondinelli & Melissa Rondinelli,5,60.0,53.85,3,2,7,6,133,131,59,43,44,59,30,29,3,11.8,8.6,11.8,11.8,10.0,9.67,3.77
253,Carolyn Greco & Florencia  Gomez,5,100.0,90.91,5,0,10,1,124,79,60,37,51,31,13,11,1,12.0,7.4,6.2,6.2,13.0,11.0,9.09
254,Arovetto Lombardi & Silvia Ferrer Garcia,5,20.0,20.0,1,4,2,8,88,106,44,54,44,52,0,0,0,8.8,10.8,10.4,10.4,0.0,0.0,0.4
255,Elena  Mccarthy & Karolina Cholewa,5,20.0,33.33,1,4,4,8,89,131,37,57,34,50,18,24,2,7.4,11.4,10.0,10.0,9.0,12.0,1.33
256,Matyas Odnoga & Nora  Vicsek,5,80.0,75.0,4,1,9,3,135,112,57,49,56,43,22,20,2,11.4,9.8,8.6,8.6,11.0,10.0,6.75
257,Megan Nicole Fish & Monica Corea,5,40.0,40.0,2,3,4,6,77,94,39,46,38,48,0,0,0,7.8,9.2,9.6,9.6,0.0,0.0,1.6
258,Fiorella Pellegrini Boaglio & Kristen Chong,5,20.0,20.0,1,4,2,8,62,110,30,54,32,56,0,0,0,6.0,10.8,11.2,11.2,0.0,0.0,0.4
259,Anna Krykova & Ekaterina Poteshkina,5,20.0,20.0,1,4,2,8,60,109,29,57,31,52,0,0,0,5.8,11.4,10.4,10.4,0.0,0.0,0.4
260,Anna Izsak & Boglarka Nagy,5,80.0,81.82,4,1,9,2,122,74,60,30,56,32,6,12,1,12.0,6.0,6.4,6.4,6.0,12.0,7.36
261,Frankie Diaz & Michael Ruecktenwald,5,80.0,80.0,4,1,8,2,113,60,58,32,55,28,0,0,0,11.6,6.4,5.6,5.6,0.0,0.0,6.4
262,Miguel Arnaldo Martinez-Viera & Samuel Harshe,5,60.0,60.0,3,2,6,4,92,90,49,48,43,42,0,0,0,9.8,9.6,8.4,8.4,0.0,0.0,3.6
263,Andres Berriel & Rogelio Eduardo Alvarado Torres,5,60.0,58.33,3,2,7,5,121,101,50,36,46,39,25,26,2,10.0,7.2,7.8,7.8,12.5,13.0,4.08
264,Andres Berriel & Jeffrey  Drzyzga,5,40.0,41.67,2,3,5,7,121,120,49,55,51,45,21,20,2,9.8,11.0,9.0,9.0,10.5,10.0,2.08
265,Aj Brown & Kimberly Baker,5,60.0,61.54,3,2,8,5,137,113,58,34,52,44,27,35,3,11.6,6.8,8.8,8.8,9.0,11.67,4.92
266,Na Woo Kim & Renan Tres De  Carvalho Paiva,5,20.0,20.0,1,4,2,8,69,96,34,48,35,48,0,0,0,6.8,9.6,9.6,9.6,0.0,0.0,0.4
267,Hayden Criollo & Michael Ruecktenwald,5,60.0,60.0,3,2,6,4,93,79,49,39,44,40,0,0,0,9.8,7.8,8.0,8.0,0.0,0.0,3.6
268,Juliane  Braga & Nancy Avesyan,5,80.0,64.29,4,1,9,5,161,112,57,34,54,42,50,36,4,11.4,6.8,8.4,8.4,12.5,9.0,5.79
269,Alejandra Hernandez Hurtado & Andrea  Gomez,5,40.0,36.36,2,3,4,7,89,118,35,57,41,50,13,11,1,7.0,11.4,10.0,10.0,13.0,11.0,1.45
270,Nicole Grimaldo & Niomi Grimaldo,5,0.0,16.67,0,5,2,10,103,141,41,53,40,60,22,28,2,8.2,10.6,12.0,12.0,11.0,14.0,0.33
271,Rajaa Chatah & Rayan Alhassoun,5,60.0,58.33,3,2,7,5,123,112,48,52,53,39,22,21,2,9.6,10.4,7.8,7.8,11.0,10.5,4.08
272,Brendaul Lybbert & Karolina Cruz,5,40.0,36.36,2,3,4,7,101,117,44,59,45,52,12,6,1,8.8,11.8,10.4,10.4,12.0,6.0,1.45
273,Rafaela Ferreira Veiga & Stephanie Brito,5,20.0,20.0,1,4,2,8,67,113,33,58,34,55,0,0,0,6.6,11.6,11.0,11.0,0.0,0.0,0.4
274,Amanda Cromwell & Megan Nicole Fish,5,60.0,63.64,3,2,7,4,111,100,53,43,50,45,8,12,1,10.6,8.6,9.0,9.0,8.0,12.0,4.45
275,Aleksandr  Obidin & Kirill  Zemskov,5,40.0,40.0,2,3,4,6,89,81,45,41,44,40,0,0,0,9.0,8.2,8.0,8.0,0.0,0.0,1.6
276,Gilbert Bita & Tyler  Regan,5,40.0,45.45,2,3,5,6,99,105,42,44,50,49,7,12,1,8.4,8.8,9.8,9.8,7.0,12.0,2.27
277,Juan Manuel Cavallo & Tony Brunelle,5,20.0,20.0,1,4,2,8,67,107,36,53,31,54,0,0,0,7.2,10.6,10.8,10.8,0.0,0.0,0.4
278,Haley  Bush & Michelle Lee,5,0.0,16.67,0,5,2,10,92,136,32,60,43,52,17,24,2,6.4,12.0,10.4,10.4,8.5,12.0,0.33
279,Petra Pechy & Zsofia Dezsenyi,5,80.0,72.73,4,1,8,3,114,85,48,48,54,33,12,4,1,9.6,9.6,6.6,6.6,12.0,4.0,5.82
280,Grzegorz Staskiewicz & Justyna Bartman,5,40.0,36.36,2,3,4,7,91,115,40,52,39,55,12,8,1,8.0,10.4,11.0,11.0,12.0,8.0,1.45
281,Alex Manuel Noriega & Mathias Patino,5,40.0,45.45,2,3,5,6,93,103,47,47,42,44,4,12,1,9.4,9.4,8.8,8.8,4.0,12.0,2.27
282,Megan  Kostolansky & Nancy Avesyan,5,60.0,54.55,3,2,6,5,97,105,44,51,41,44,12,10,1,8.8,10.2,8.8,8.8,12.0,10.0,3.27
283,Anthony Ferrer & Gregory Pompei,5,40.0,41.67,2,3,5,7,108,121,39,48,48,54,21,19,2,7.8,9.6,10.8,10.8,10.5,9.5,2.08
284,Barna Kovacsfi & Martin Csereklye,5,60.0,60.0,3,2,6,4,104,80,50,40,54,40,0,0,0,10.0,8.0,8.0,8.0,0.0,0.0,3.6
285,Ezequiel Cei Sandoval & Hamilton Pereira,5,60.0,54.55,3,2,6,5,106,102,49,46,45,52,12,4,1,9.8,9.2,10.4,10.4,12.0,4.0,3.27
286,Abdul Rahman Karime & Raed  Terkmani,5,80.0,72.73,4,1,8,3,110,80,42,50,56,25,12,5,1,8.4,10.0,5.0,5.0,12.0,5.0,5.82
287,Wendy Pintor & Yazmin Morales,5,0.0,0.0,0,5,0,10,40,120,14,60,26,60,0,0,0,2.8,12.0,12.0,12.0,0.0,0.0,0.0
288,Jessica  Youngdale & Samantha Layman,5,60.0,60.0,3,2,6,4,98,88,51,42,47,46,0,0,0,10.2,8.4,9.2,9.2,0.0,0.0,3.6
289,Emilio Esquivel & Miguel Arnaldo Martinez-Viera,5,0.0,9.09,0,5,1,10,63,131,19,60,37,59,7,12,1,3.8,12.0,11.8,11.8,7.0,12.0,0.09
290,Emily Eitzman & Eve  Davis,5,40.0,33.33,2,3,4,8,97,139,24,60,45,57,28,22,2,4.8,12.0,11.4,11.4,14.0,11.0,1.33
291,Adam Blazsovics & Romain  Gesmier,5,80.0,80.0,4,1,8,2,115,74,59,38,56,36,0,0,0,11.8,7.6,7.2,7.2,0.0,0.0,6.4
292,Thuany Karoline Platt & Vania Moraes Da Cruz,5,80.0,80.0,4,1,8,2,110,55,53,28,57,27,0,0,0,10.6,5.6,5.4,5.4,0.0,0.0,6.4
293,Katalin Dako & Szabolcs Ilyes,5,60.0,60.0,3,2,6,4,110,84,57,44,53,40,0,0,0,11.4,8.8,8.0,8.0,0.0,0.0,3.6
294,Ademir Teixeira & Tchuna  Silvania,5,80.0,80.0,4,1,8,2,106,76,54,39,52,37,0,0,0,10.8,7.8,7.4,7.4,0.0,0.0,6.4
295,Baptiste Berna & Lauryne Scherrer,5,60.0,50.0,3,2,6,6,124,118,48,48,51,49,25,21,2,9.6,9.6,9.8,9.8,12.5,10.5,3.0
296,Marta Cholewa & Sara Sheridan,5,20.0,18.18,1,4,2,9,80,125,38,57,30,60,12,8,1,7.6,11.4,12.0,12.0,12.0,8.0,0.36
297,Adrian Duszak & Leticia Luzorio Barbosa,5,60.0,63.64,3,2,7,4,121,99,56,43,57,44,8,12,1,11.2,8.6,8.8,8.8,8.0,12.0,4.45
298,Hailey Harbison & Katherine  Byrne,5,60.0,61.54,3,2,8,5,129,131,53,55,53,47,23,29,3,10.6,11.0,9.4,9.4,7.67,9.67,4.92
299,Jaide  Garcia & Nancy Avesyan,5,20.0,20.0,1,4,2,8,73,111,36,56,37,55,0,0,0,7.2,11.2,11.0,11.0,0.0,0.0,0.4
300,Adrien Uka & Jean Thierry Belus,5,60.0,58.33,3,2,7,5,121,96,46,48,52,30,23,18,2,9.2,9.6,6.0,6.0,11.5,9.0,4.08
301,Kalena Iwashita & Kevin Castillo,5,0.0,0.0,0,5,0,10,54,120,30,60,24,60,0,0,0,6.0,12.0,12.0,12.0,0.0,0.0,0.0
302,Jacquelyn Bruno & Kevin Hernandez,5,40.0,40.0,2,3,4,6,86,93,48,48,38,45,0,0,0,9.6,9.6,9.0,9.0,0.0,0.0,1.6
303,Delanie  Sheehan & Lucy Parker,4,50.0,44.44,2,2,4,5,98,80,44,34,42,38,12,8,1,11.0,8.5,9.5,9.5,12.0,8.0,1.78
304,Jessica  Garcia & Polly Marino,4,0.0,0.0,0,4,0,8,47,96,22,48,25,48,0,0,0,5.5,12.0,12.0,12.0,0.0,0.0,0.0
305,David Incze & Ferenc Pap,4,75.0,70.0,3,1,7,3,114,75,48,21,46,36,20,18,2,12.0,5.25,9.0,9.0,10.0,9.0,4.9
306,Davin  Randall & Kyle  Rilley,4,25.0,25.0,1,3,2,6,62,91,29,46,33,45,0,0,0,7.25,11.5,11.25,11.25,0.0,0.0,0.5
307,Denilson Olivera & Walter Marcelo Avans,4,50.0,55.56,2,2,5,4,92,72,36,30,44,28,12,14,1,9.0,7.5,7.0,7.0,12.0,14.0,2.78
308,Joao Argolo & Jose  Vidal,4,0.0,0.0,0,4,0,8,0,96,0,48,0,48,0,0,0,0.0,12.0,12.0,12.0,0.0,0.0,0.0
309,Izsak Fierro & Piero Francesco Abad Nassi,4,0.0,0.0,0,4,0,8,36,96,22,48,14,48,0,0,0,5.5,12.0,12.0,12.0,0.0,0.0,0.0
310,Jordyn Salkind & Maya Salkind,4,25.0,25.0,1,3,2,6,42,88,18,45,24,43,0,0,0,4.5,11.25,10.75,10.75,0.0,0.0,0.5
311,Jorge Luis  Reyes & Oscar Alexis Almaraz Martinez,4,50.0,45.45,2,2,5,6,107,115,34,46,39,42,34,27,3,8.5,11.5,10.5,10.5,11.33,9.0,2.27
312,Denilson Olivera & Mia  Valente,4,50.0,50.0,2,2,4,4,78,72,40,39,38,33,0,0,0,10.0,9.75,8.25,8.25,0.0,0.0,2.0
313,Isabella Amyx & Miriam Bloom,4,50.0,50.0,2,2,5,5,90,97,36,41,37,39,17,17,2,9.0,10.25,9.75,9.75,8.5,8.5,2.5
314,Jonathan  Olsen & Pernille Ingvaldsen Smith,4,25.0,25.0,1,3,2,6,58,82,28,40,30,42,0,0,0,7.0,10.0,10.5,10.5,0.0,0.0,0.5
315,Joao Barreto & Tharik  Ferreira De Assis,4,50.0,55.56,2,2,5,4,78,68,31,30,42,26,5,12,1,7.75,7.5,6.5,6.5,5.0,12.0,2.78
316,Jordan Tapia & Yahayra Arteaga Hernandez,4,25.0,40.0,1,3,4,6,95,107,41,43,41,40,13,24,2,10.25,10.75,10.0,10.0,6.5,12.0,1.6
317,Davide  Cipolla & Federico Costanzi,4,0.0,11.11,0,4,1,8,65,107,24,48,31,47,10,12,1,6.0,12.0,11.75,11.75,10.0,12.0,0.11
318,Jaime Hernandez & Zachary  Arakelian,4,25.0,25.0,1,3,2,6,37,88,18,42,19,46,0,0,0,4.5,10.5,11.5,11.5,0.0,0.0,0.5
319,Deiver Alexander Lopez & Rubem Miranda,4,50.0,44.44,2,2,4,5,98,88,40,39,46,42,12,7,1,10.0,9.75,10.5,10.5,12.0,7.0,1.78
320,Joao Pedro Nunes Sonda & Thaina Rodrigues Goncalves,4,50.0,50.0,2,2,4,4,66,63,33,30,33,33,0,0,0,8.25,7.5,8.25,8.25,0.0,0.0,2.0
321,Isabella Amyx & Megumi Barber,4,0.0,0.0,0,4,0,8,45,96,16,48,29,48,0,0,0,4.0,12.0,12.0,12.0,0.0,0.0,0.0
322,Isabel Moran & Samantha Valdez,4,50.0,40.0,2,2,4,6,92,107,39,44,29,46,24,17,2,9.75,11.0,11.5,11.5,12.0,8.5,1.6
323,David Incze & Zsolt Lazar,4,50.0,50.0,2,2,4,4,82,62,39,27,43,35,0,0,0,9.75,6.75,8.75,8.75,0.0,0.0,2.0
324,Irwin Uriel  Moreno Acevedo & Roberto Acuna-Corona,4,25.0,22.22,1,3,2,7,67,101,34,47,21,48,12,6,1,8.5,11.75,12.0,12.0,12.0,6.0,0.44
325,Iskhak  Eralidinov & Mavlyanov Bektur,4,75.0,70.0,3,1,7,3,110,82,41,39,48,22,21,21,2,10.25,9.75,5.5,5.5,10.5,10.5,4.9
326,Gergo Dombai & Kristof Murvai,4,75.0,75.0,3,1,6,2,82,57,43,33,39,24,0,0,0,10.75,8.25,6.0,6.0,0.0,0.0,4.5
327,Guillermo  Guadron Ii & Walter Marcelo Avans,4,0.0,0.0,0,4,0,8,24,96,10,48,14,48,0,0,0,2.5,12.0,12.0,12.0,0.0,0.0,0.0
328,Felipe Gabriel Soares & Pedro Augusto  Da Silveira Medeiros,4,50.0,50.0,2,2,4,4,68,76,34,40,34,36,0,0,0,8.5,10.0,9.0,9.0,0.0,0.0,2.0
329,Fanni Haraszti & Zsombor Bene,4,75.0,66.67,3,1,6,3,102,85,46,34,44,43,12,8,1,11.5,8.5,10.75,10.75,12.0,8.0,4.0
330,Kamar Dandal & Mohamad Hafez,4,50.0,50.0,2,2,4,4,71,72,34,37,37,35,0,0,0,8.5,9.25,8.75,8.75,0.0,0.0,2.0
331,Fabricio Gaona & Katherin Aldana,4,50.0,50.0,2,2,4,4,74,77,41,38,33,39,0,0,0,10.25,9.5,9.75,9.75,0.0,0.0,2.0
332,Drini Bejtaga & Indrit Bejtaga,4,25.0,22.22,1,3,2,7,74,100,31,42,31,48,12,10,1,7.75,10.5,12.0,12.0,12.0,10.0,0.44
333,Eber Jaimes & Oscar Alexis Almaraz Martinez,4,25.0,25.0,1,3,2,6,43,84,21,42,22,42,0,0,0,5.25,10.5,10.5,10.5,0.0,0.0,0.5
334,Karol Ziolkowski & Piotr Pinkiewicz,4,25.0,22.22,1,3,2,7,61,101,23,48,26,44,12,9,1,5.75,12.0,11.0,11.0,12.0,9.0,0.44
335,Eric Merlin Herbst & Jonathan  Maurer,4,0.0,11.11,0,4,1,8,65,106,30,48,28,46,7,12,1,7.5,12.0,11.5,11.5,7.0,12.0,0.11
336,Enzo Couto Silveira & Theo Hahn Kowal,4,50.0,50.0,2,2,4,4,80,69,35,33,45,36,0,0,0,8.75,8.25,9.0,9.0,0.0,0.0,2.0
337,Elanna Arceo & Jessica Vincent,4,25.0,25.0,1,3,2,6,74,89,37,42,37,47,0,0,0,9.25,10.5,11.75,11.75,0.0,0.0,0.5
338,Emily Eitzman & Margaret Osmundson,4,50.0,50.0,2,2,4,4,67,73,30,36,37,37,0,0,0,7.5,9.0,9.25,9.25,0.0,0.0,2.0
339,Katherin Aldana & Mia  Valente,4,50.0,44.44,2,2,4,5,78,88,39,38,27,42,12,8,1,9.75,9.5,10.5,10.5,12.0,8.0,1.78
340,Emiliano Salvetti & Gianmaria Bellini,4,25.0,33.33,1,3,3,6,73,87,31,38,32,37,10,12,1,7.75,9.5,9.25,9.25,10.0,12.0,1.0
341,Emiliano Caballero & Jonathan Franco,4,25.0,40.0,1,3,4,6,92,101,40,40,38,37,14,24,2,10.0,10.0,9.25,9.25,7.0,12.0,1.6
342,Elvia Loredo & Maria  Silva Herrera,4,0.0,0.0,0,4,0,8,38,96,24,48,14,48,0,0,0,6.0,12.0,12.0,12.0,0.0,0.0,0.0
343,Kayla  Veloso-Lima & Sofia Letra Alves,4,0.0,0.0,0,4,0,8,46,96,21,48,25,48,0,0,0,5.25,12.0,12.0,12.0,0.0,0.0,0.0
344,Kelly Garzon Perez & Marta Alemany,4,50.0,44.44,2,2,4,5,87,87,35,47,40,38,12,2,1,8.75,11.75,9.5,9.5,12.0,2.0,1.78
345,Kennan Benalloua & Youssef Sahli,4,50.0,50.0,2,2,4,4,62,81,32,42,30,39,0,0,0,8.0,10.5,9.75,9.75,0.0,0.0,2.0
346,Dominic  Scicluna & Rodrigo Siqueira,4,50.0,50.0,2,2,4,4,78,78,39,45,39,33,0,0,0,9.75,11.25,8.25,8.25,0.0,0.0,2.0
347,Fethi Larit & Lionel Beyer,4,25.0,25.0,1,3,2,6,71,84,40,41,31,43,0,0,0,10.0,10.25,10.75,10.75,0.0,0.0,0.5
348,Griffin Freeman & Jose Javier  Solis Morales,4,25.0,25.0,1,3,2,6,46,81,22,44,24,37,0,0,0,5.5,11.0,9.25,9.25,0.0,0.0,0.5
349,Fethi Larit & Samir Maoui,4,50.0,40.0,2,2,4,6,91,108,33,43,33,48,25,17,2,8.25,10.75,12.0,12.0,12.5,8.5,1.6
350,Giulia Ferrandi & Pasquale Errico,4,25.0,33.33,1,3,3,6,74,97,36,39,33,46,5,12,1,9.0,9.75,11.5,11.5,5.0,12.0,1.0
351,Judit Tamayo Garcia & Silvia Ferrer Garcia,4,0.0,11.11,0,4,1,8,57,106,26,48,24,46,7,12,1,6.5,12.0,11.5,11.5,7.0,12.0,0.11
352,Gilbert Bita & James Babajide Opadeyi,4,25.0,25.0,1,3,2,6,42,72,17,36,25,36,0,0,0,4.25,9.0,9.0,9.0,0.0,0.0,0.5
353,Kristof Murvai & Zalan Szegedi,4,75.0,70.0,3,1,7,3,114,82,43,31,48,28,23,23,2,10.75,7.75,7.0,7.0,11.5,11.5,4.9
354,Kristof Murvai & Petra Pechy,4,75.0,66.67,3,1,6,3,89,81,39,36,38,36,12,9,1,9.75,9.0,9.0,9.0,12.0,9.0,4.0
355,Dimitar Pejcinovski & Stoycho Zhekov,4,50.0,60.0,2,2,6,4,102,98,48,31,38,43,16,24,2,12.0,7.75,10.75,10.75,8.0,12.0,3.6
356,Gerardo Torres & Ryutaro  Ichihara,4,25.0,33.33,1,3,3,6,82,82,34,36,37,33,11,13,1,8.5,9.0,8.25,8.25,11.0,13.0,1.0
357,Julian Light & Kayla  Veloso-Lima,4,50.0,44.44,2,2,4,5,74,89,30,39,32,40,12,10,1,7.5,9.75,10.0,10.0,12.0,10.0,1.78
358,Gabriel Avans & Walter Marcelo Avans,4,50.0,54.55,2,2,6,5,112,109,47,35,39,44,26,30,3,11.75,8.75,11.0,11.0,8.67,10.0,3.27
359,Gabriel  Velloso & Gabriel Antunes Marendino,4,50.0,44.44,2,2,4,5,83,87,33,40,38,37,12,10,1,8.25,10.0,9.25,9.25,12.0,10.0,1.78
360,Juliane  Braga & Oscar Reyes,4,50.0,60.0,2,2,6,4,98,88,41,31,45,33,12,24,2,10.25,7.75,8.25,8.25,6.0,12.0,3.6
361,Froylan Suarez & Januz Syla,4,0.0,0.0,0,4,0,8,41,96,22,48,19,48,0,0,0,5.5,12.0,12.0,12.0,0.0,0.0,0.0
362,Frankie Diaz & James Arterberry,4,75.0,75.0,3,1,6,2,89,61,43,30,46,31,0,0,0,10.75,7.5,7.75,7.75,0.0,0.0,4.5
363,Francisco Javier  Santiago Gracia & Javier  Asensio Romero,4,50.0,50.0,2,2,4,4,73,67,38,32,35,35,0,0,0,9.5,8.0,8.75,8.75,0.0,0.0,2.0
364,Justin Fowler & Kevin Mckeon,4,50.0,50.0,2,2,5,5,96,105,44,36,31,47,21,22,2,11.0,9.0,11.75,11.75,10.5,11.0,2.5
365,Fouad Sleiman & Khalil Karam,4,75.0,70.0,3,1,7,3,111,93,45,38,46,37,20,18,2,11.25,9.5,9.25,9.25,10.0,9.0,4.9
366,Flavio Monteiro & Miara Ramos,4,50.0,50.0,2,2,4,4,75,78,35,36,40,42,0,0,0,8.75,9.0,10.5,10.5,0.0,0.0,2.0
367,Lauro Lima & Rui Leitao,4,50.0,50.0,2,2,5,5,91,101,39,40,30,42,22,19,2,9.75,10.0,10.5,10.5,11.0,9.5,2.5
368,Carlos Humberto Silva Ferreira & Rui Leitao,4,0.0,11.11,0,4,1,8,48,106,20,46,19,48,9,12,1,5.0,11.5,12.0,12.0,9.0,12.0,0.11
369,Lauryne Scherrer & Zebatte Samia,4,50.0,55.56,2,2,5,4,79,66,39,23,31,31,9,12,1,9.75,5.75,7.75,7.75,9.0,12.0,2.78
370,Aquiles Munoz & Juanmi Hernandez Mir,4,50.0,44.44,2,2,4,5,88,95,39,46,37,40,12,9,1,9.75,11.5,10.0,10.0,12.0,9.0,1.78
371,Naomi  Santillan & Naomi Hochgesang,4,0.0,20.0,0,4,2,8,79,115,26,44,30,44,23,27,2,6.5,11.0,11.0,11.0,11.5,13.5,0.4
372,Andre Espinoza & Kevin Mckeon,4,50.0,50.0,2,2,4,4,74,63,36,28,38,35,0,0,0,9.0,7.0,8.75,8.75,0.0,0.0,2.0
373,Andres  Mesa & Ross  Crichton,4,25.0,30.0,1,3,3,7,75,109,24,47,29,40,22,22,2,6.0,11.75,10.0,10.0,11.0,11.0,0.9
374,Mohamad Hafez & Taha El Hussein,4,50.0,44.44,2,2,4,5,79,97,30,46,37,44,12,7,1,7.5,11.5,11.0,11.0,12.0,7.0,1.78
375,Andres Berriel & Nancy Avesyan,4,75.0,66.67,3,1,6,3,94,73,40,37,42,30,12,6,1,10.0,9.25,7.5,7.5,12.0,6.0,4.0
376,Andres Felipe  Bohorquez Forigua & Aniel Lopes,4,50.0,55.56,2,2,5,4,89,73,37,34,45,27,7,12,1,9.25,8.5,6.75,6.75,7.0,12.0,2.78
377,Andrew Ducker & Matthew  Sherman,4,50.0,44.44,2,2,4,5,68,91,26,40,30,43,12,8,1,6.5,10.0,10.75,10.75,12.0,8.0,1.78
378,Michael Silva & Nancy Avesyan,4,25.0,25.0,1,3,2,6,79,79,35,41,44,38,0,0,0,8.75,10.25,9.5,9.5,0.0,0.0,0.5
379,Angelina Amaya & Valeria Michelle Ordonez Perez,4,0.0,0.0,0,4,0,8,31,96,18,48,13,48,0,0,0,4.5,12.0,12.0,12.0,0.0,0.0,0.0
380,Angelo Fernandes & Diego Chaves,4,25.0,25.0,1,3,2,6,66,87,33,43,33,44,0,0,0,8.25,10.75,11.0,11.0,0.0,0.0,0.5
381,Michael Ruecktenwald & Nancy Avesyan,4,50.0,55.56,2,2,5,4,83,77,44,28,33,37,6,12,1,11.0,7.0,9.25,9.25,6.0,12.0,2.78
382,Mia  Valente & Miguel Arnaldo Martinez-Viera,4,50.0,50.0,2,2,4,4,79,67,40,32,39,35,0,0,0,10.0,8.0,8.75,8.75,0.0,0.0,2.0
383,Mehdi Sahli & Rida Chaaban,4,25.0,22.22,1,3,2,7,84,99,39,42,33,48,12,9,1,9.75,10.5,12.0,12.0,12.0,9.0,0.44
384,Mayara Vian Prestes & Rodrigo Bento Medeiros,4,50.0,44.44,2,2,4,5,76,94,31,45,33,45,12,4,1,7.75,11.25,11.25,11.25,12.0,4.0,1.78
385,Arpad Sipos & Barna Kovacsfi,4,50.0,50.0,2,2,4,4,72,80,36,36,36,44,0,0,0,9.0,9.0,11.0,11.0,0.0,0.0,2.0
386,Anastasiia Terekh & Kateryna Fesenko,4,0.0,0.0,0,4,0,8,52,96,27,48,25,48,0,0,0,6.75,12.0,12.0,12.0,0.0,0.0,0.0
387,Arthur Montcho & Mosaab Saci,4,0.0,11.11,0,4,1,8,63,105,22,48,32,45,9,12,1,5.5,12.0,11.25,11.25,9.0,12.0,0.11
388,Artur Bakytbekov & Nataliia Gaivoronskaia,4,50.0,55.56,2,2,5,4,91,90,37,36,46,42,8,12,1,9.25,9.0,10.5,10.5,8.0,12.0,2.78
389,Matheus  Ferraz & Thuany Karoline Platt,4,50.0,55.56,2,2,5,4,84,87,43,34,34,41,7,12,1,10.75,8.5,10.25,10.25,7.0,12.0,2.78
390,Matheus  Ferraz & Rafaella Fontes,4,75.0,75.0,3,1,6,2,75,47,39,23,36,24,0,0,0,9.75,5.75,6.0,6.0,0.0,0.0,4.5
391,Ashlyn Kearney & Juan Ramirez,4,25.0,25.0,1,3,2,6,52,80,25,40,27,40,0,0,0,6.25,10.0,10.0,10.0,0.0,0.0,0.5
392,Ashtin Larkin & Sydney Vermillion,4,0.0,11.11,0,4,1,8,63,102,24,48,29,42,10,12,1,6.0,12.0,10.5,10.5,10.0,12.0,0.11
393,Ayman Saddik & Mohamad Araby,4,50.0,44.44,2,2,4,5,75,87,31,46,32,36,12,5,1,7.75,11.5,9.0,9.0,12.0,5.0,1.78
394,Bahaa Masri & Fouad Kabbara,4,50.0,50.0,2,2,4,4,81,74,42,38,39,36,0,0,0,10.5,9.5,9.0,9.0,0.0,0.0,2.0
395,Marlon Rodrigues & Xicote Simplicio Uchoa,4,50.0,55.56,2,2,5,4,88,74,34,31,45,31,9,12,1,8.5,7.75,7.75,7.75,9.0,12.0,2.78
396,Mariana Silva Almeida & Marlon Rodrigues,4,50.0,44.44,2,2,4,5,78,82,30,34,36,42,12,6,1,7.5,8.5,10.5,10.5,12.0,6.0,1.78
397,Barna Kovacsfi & Nora  Vicsek,4,50.0,50.0,2,2,4,4,76,73,39,33,37,40,0,0,0,9.75,8.25,10.0,10.0,0.0,0.0,2.0
398,Bartlomiej Franczuk & Justyna Bartman,4,50.0,40.0,2,2,4,6,96,106,34,45,38,46,24,15,2,8.5,11.25,11.5,11.5,12.0,7.5,1.6
399,Maria Chedid & Mohamad Hafez,4,25.0,33.33,1,3,3,6,64,100,31,47,31,41,2,12,1,7.75,11.75,10.25,10.25,2.0,12.0,1.0
400,Margaret Osmundson & Roberta  Goulart,4,75.0,75.0,3,1,6,2,87,66,43,33,44,33,0,0,0,10.75,8.25,8.25,8.25,0.0,0.0,4.5
401,Naomi Nunis & Wendy Pintor,4,0.0,0.0,0,4,0,8,25,96,11,48,14,48,0,0,0,2.75,12.0,12.0,12.0,0.0,0.0,0.0
402,Nicholas Seyda & Paul Ferreira,4,0.0,11.11,0,4,1,8,53,105,25,45,22,48,6,12,1,6.25,11.25,12.0,12.0,6.0,12.0,0.11
403,Basel Ahmad Hasan & Yaser Yousef Dashti,4,50.0,50.0,2,2,4,4,73,67,36,27,37,40,0,0,0,9.0,6.75,10.0,10.0,0.0,0.0,2.0
404,Alan Galecki & Patryk Kaminski,4,75.0,66.67,3,1,6,3,89,69,38,33,39,29,12,7,1,9.5,8.25,7.25,7.25,12.0,7.0,4.0
405,Yassine Sahli & Zoltan Nagy,4,50.0,55.56,2,2,5,4,83,83,38,35,39,36,6,12,1,9.5,8.75,9.0,9.0,6.0,12.0,2.78
406,Valentin  Furdui & Valeriu  Tiron,4,25.0,25.0,1,3,2,6,50,78,27,39,23,39,0,0,0,6.75,9.75,9.75,9.75,0.0,0.0,0.5
407,Adam Bako & Victoria  Catalano,4,50.0,50.0,2,2,4,4,75,71,39,38,36,33,0,0,0,9.75,9.5,8.25,8.25,0.0,0.0,2.0
408,Adam Blazsovics & Alexandra Jazmin Szollos,4,75.0,66.67,3,1,6,3,88,61,38,32,38,22,12,7,1,9.5,8.0,5.5,5.5,12.0,7.0,4.0
409,Ademir Teixeira & Gerson Pires,4,0.0,11.11,0,4,1,8,62,107,30,48,25,47,7,12,1,7.5,12.0,11.75,11.75,7.0,12.0,0.11
410,Adrian Duszak & Aleksandra Orzechowska,4,25.0,25.0,1,3,2,6,62,87,33,46,29,41,0,0,0,8.25,11.5,10.25,10.25,0.0,0.0,0.5
411,Adrien Uka & Anthony Del Do,4,50.0,50.0,2,2,4,4,65,73,28,34,37,39,0,0,0,7.0,8.5,9.75,9.75,0.0,0.0,2.0
412,Agnieszka Rybicka & Alicja Bartnicka,4,50.0,50.0,2,2,4,4,75,78,41,42,34,36,0,0,0,10.25,10.5,9.0,9.0,0.0,0.0,2.0
413,Shmuel Greenspan & Simcha Nossel,4,0.0,0.0,0,4,0,8,26,96,7,48,19,48,0,0,0,1.75,12.0,12.0,12.0,0.0,0.0,0.0
414,Agnieszka Rybicka & Patryk Kaminski,4,75.0,75.0,3,1,6,2,90,56,43,28,47,28,0,0,0,10.75,7.0,7.0,7.0,0.0,0.0,4.5
415,Ronny A Suarez & Roy Jesus Murillo Villalobos,4,0.0,0.0,0,4,0,8,21,96,11,48,10,48,0,0,0,2.75,12.0,12.0,12.0,0.0,0.0,0.0
416,Ahmed Khaled Kamel Mohamed Zaky & Khalid Suleiman,4,0.0,20.0,0,4,2,8,87,115,37,43,32,48,18,24,2,9.25,10.75,12.0,12.0,9.0,12.0,0.4
417,Aitegin Erkinbekov & Aitegin Maksatbek,4,50.0,50.0,2,2,4,4,83,72,39,38,44,34,0,0,0,9.75,9.5,8.5,8.5,0.0,0.0,2.0
418,Aitor Vives Yera & Silvia Ferrer Garcia,4,50.0,50.0,2,2,4,4,65,76,31,37,34,39,0,0,0,7.75,9.25,9.75,9.75,0.0,0.0,2.0
419,Rannyere Borges Soares & Renan Guiot De Barros Lourenco,4,50.0,50.0,2,2,4,4,69,55,38,28,31,27,0,0,0,9.5,7.0,6.75,6.75,0.0,0.0,2.0
420,Nora  Vicsek & Rebeka Godo,4,50.0,50.0,2,2,4,4,74,69,39,29,35,40,0,0,0,9.75,7.25,10.0,10.0,0.0,0.0,2.0
421,Alejandro Ordaz & Cesar Romero,4,50.0,44.44,2,2,4,5,72,96,29,46,31,40,12,10,1,7.25,11.5,10.0,10.0,12.0,10.0,1.78
422,Aleksandr  Obidin & Anna Krykova,4,25.0,25.0,1,3,2,6,47,86,25,41,22,45,0,0,0,6.25,10.25,11.25,11.25,0.0,0.0,0.5
423,Aleksandra Orzechowska & Nicol Bnyamin,4,0.0,11.11,0,4,1,8,74,104,30,48,38,44,6,12,1,7.5,12.0,11.0,11.0,6.0,12.0,0.11
424,Alex Manuel Noriega & Katherin Aldana,4,50.0,50.0,2,2,4,4,73,73,36,34,37,39,0,0,0,9.0,8.5,9.75,9.75,0.0,0.0,2.0
425,Alexander Luigy Racca & Connor  Carman,4,50.0,44.44,2,2,4,5,87,86,31,42,44,37,12,7,1,7.75,10.5,9.25,9.25,12.0,7.0,1.78
426,Alexandre Dos Santos Garcia Filho & Paulina Dalpias Oliveira,4,50.0,40.0,2,2,4,6,75,105,26,42,25,47,24,16,2,6.5,10.5,11.75,11.75,12.0,8.0,1.6
427,Alexandre Dos Santos Garcia Filho & Pedro Henrique Santos Araujo,4,50.0,50.0,2,2,4,4,64,81,29,35,35,46,0,0,0,7.25,8.75,11.5,11.5,0.0,0.0,2.0
428,Allison Pantuso & Kat Mcdonald,4,0.0,11.11,0,4,1,8,59,105,21,48,36,45,2,12,1,5.25,12.0,11.25,11.25,2.0,12.0,0.11
429,Alvaro Nogales Jose & Renato Bustamante,4,75.0,75.0,3,1,6,2,87,59,42,33,45,26,0,0,0,10.5,8.25,6.5,6.5,0.0,0.0,4.5
430,Amanov Baisultan & Ernis Sultanov,4,50.0,44.44,2,2,4,5,84,97,33,45,39,45,12,7,1,8.25,11.25,11.25,11.25,12.0,7.0,1.78
431,Amaury  Bischoff Armindo & Baptiste Berna,4,50.0,55.56,2,2,5,4,98,80,46,31,44,37,8,12,1,11.5,7.75,9.25,9.25,8.0,12.0,2.78
432,Amelie  Julian & Jean Thierry Belus,4,50.0,50.0,2,2,5,5,90,99,34,37,36,42,20,20,2,8.5,9.25,10.5,10.5,10.0,10.0,2.5
433,Amelie  Julian & Nancy Avesyan,4,50.0,44.44,2,2,4,5,77,93,27,45,38,42,12,6,1,6.75,11.25,10.5,10.5,12.0,6.0,1.78
434,Pasquale Errico & Victoria  Catalano,4,0.0,0.0,0,4,0,8,32,96,15,48,17,48,0,0,0,3.75,12.0,12.0,12.0,0.0,0.0,0.0
435,Bartosz Januszewski & Patryk Kaminski,4,75.0,66.67,3,1,6,3,90,80,32,39,46,32,12,9,1,8.0,9.75,8.0,8.0,12.0,9.0,4.0
436,Jeffrey Domingos & Michael Raimundo,4,0.0,0.0,0,4,0,8,35,96,19,48,16,48,0,0,0,4.75,12.0,12.0,12.0,0.0,0.0,0.0
437,Bassel Abdul Latif & Machaal Arabi,4,50.0,45.45,2,2,5,6,104,101,36,32,35,46,33,23,3,9.0,8.0,11.5,11.5,11.0,7.67,2.27
438,Daniel Cordeiro & Maximiliano  Garcia Mosconi,4,25.0,25.0,1,3,2,6,55,82,30,40,25,42,0,0,0,7.5,10.0,10.5,10.5,0.0,0.0,0.5
439,Cameron Robinson Allen & Matthew Mccullough,4,0.0,11.11,0,4,1,8,60,107,28,47,24,48,8,12,1,7.0,11.75,12.0,12.0,8.0,12.0,0.11
440,Dalma Julia Divinyi & Soma Cseri,4,50.0,50.0,2,2,4,4,61,78,29,39,32,39,0,0,0,7.25,9.75,9.75,9.75,0.0,0.0,2.0
441,Carlos  Hernandez & Curtis Kirby,4,50.0,50.0,2,2,4,4,77,67,38,35,39,32,0,0,0,9.5,8.75,8.0,8.0,0.0,0.0,2.0
442,Carlos Arana-Oviedo & Omar Reyes,4,50.0,44.44,2,2,4,5,78,98,32,47,34,41,12,10,1,8.0,11.75,10.25,10.25,12.0,10.0,1.78
443,Carlos Barbosa & Eduardo Marques Ferreira,4,50.0,55.56,2,2,5,4,89,90,43,38,37,40,9,12,1,10.75,9.5,10.0,10.0,9.0,12.0,2.78
444,Curtis Kirby & Gabriel G  Luzbet Jr,4,50.0,50.0,2,2,5,5,94,99,39,38,36,40,19,21,2,9.75,9.5,10.0,10.0,9.5,10.5,2.5
445,Carlos Barbosa & Rubem Miranda,4,50.0,50.0,2,2,4,4,77,71,38,33,39,38,0,0,0,9.5,8.25,9.5,9.5,0.0,0.0,2.0
446,Coralie Daul & Gregory Schindler,4,50.0,50.0,2,2,4,4,62,73,32,38,30,35,0,0,0,8.0,9.5,8.75,8.75,0.0,0.0,2.0
447,Carlos Vasques & Jeferson Monteiro Soares,4,50.0,50.0,2,2,5,5,103,96,35,44,44,32,24,20,2,8.75,11.0,8.0,8.0,12.0,10.0,2.5
448,Carmine Lotti & Mario Di Prisco,4,25.0,22.22,1,3,2,7,69,99,26,48,31,45,12,6,1,6.5,12.0,11.25,11.25,12.0,6.0,0.44
449,Carolyn Greco & Dennis Correia,4,25.0,40.0,1,3,4,6,102,110,41,46,43,40,18,24,2,10.25,11.5,10.0,10.0,9.0,12.0,1.6
450,Cassiano  Machado & Eriel Almada,4,25.0,44.44,1,3,4,5,78,86,41,32,18,36,19,18,2,10.25,8.0,9.0,9.0,9.5,9.0,1.78
451,Cassie Velazquez & Jacquelyne Saldana,4,0.0,11.11,0,4,1,8,57,104,30,44,25,48,2,12,1,7.5,11.0,12.0,12.0,2.0,12.0,0.11
452,Luiz Henrique  Pereira Braga Araujo & Matheus Felipe Oliveira Da Silva,4,50.0,50.0,2,2,4,4,73,65,36,30,37,35,0,0,0,9.0,7.5,8.75,8.75,0.0,0.0,2.0
453,Luis Lima & Maisa Rodrigues,4,50.0,50.0,2,2,4,4,85,85,40,43,45,42,0,0,0,10.0,10.75,10.5,10.5,0.0,0.0,2.0
454,Cesar  Herrera & Fabricio Gaona,4,50.0,50.0,2,2,4,4,73,72,44,36,29,36,0,0,0,11.0,9.0,9.0,9.0,0.0,0.0,2.0
455,Leticia Luzorio Barbosa & Rodrigo Bento Medeiros,4,75.0,75.0,3,1,6,2,80,48,44,25,36,23,0,0,0,11.0,6.25,5.75,5.75,0.0,0.0,4.5
456,Li Liberman & Netanel  Eliyahu,4,50.0,60.0,2,2,6,4,102,89,45,30,40,35,17,24,2,11.25,7.5,8.75,8.75,8.5,12.0,3.6
457,Cesar  Herrera & Mia  Valente,4,50.0,44.44,2,2,4,5,82,80,37,38,33,38,12,4,1,9.25,9.5,9.5,9.5,12.0,4.0,1.78
458,Bence Forgacs & Marton Keresztury,4,50.0,50.0,2,2,4,4,70,72,32,34,38,38,0,0,0,8.0,8.5,9.5,9.5,0.0,0.0,2.0
459,Cesar  Padilla & David Wallace,4,25.0,30.0,1,3,3,7,81,105,33,46,30,41,18,18,2,8.25,11.5,10.25,10.25,9.0,9.0,0.9
460,Cesar Alcala & Heber Valenzuela Valenzuela,4,0.0,11.11,0,4,1,8,62,104,30,44,24,48,8,12,1,7.5,11.0,12.0,12.0,8.0,12.0,0.11
461,Lucas Lima & Sharon  Dias,4,50.0,50.0,2,2,4,4,77,72,40,32,37,40,0,0,0,10.0,8.0,10.0,10.0,0.0,0.0,2.0
462,Chloe Marie Montano & Corinne Martinez,4,25.0,40.0,1,3,4,6,94,108,37,40,45,44,12,24,2,9.25,10.0,11.0,11.0,6.0,12.0,1.6
463,Chloe Marie Montano & Emily Wiggins,4,75.0,60.0,3,1,6,4,105,82,41,31,40,41,24,10,2,10.25,7.75,10.25,10.25,12.0,5.0,3.6
464,Lionel Beyer & Yassine Sahli,4,50.0,55.56,2,2,5,4,89,73,40,31,44,30,5,12,1,10.0,7.75,7.5,7.5,5.0,12.0,2.78
465,Christine Kwon & Nancy Avesyan,4,50.0,50.0,2,2,4,4,74,68,34,31,40,37,0,0,0,8.5,7.75,9.25,9.25,0.0,0.0,2.0
466,Caitlyn Schrepfer & Christine Kwon,4,0.0,0.0,0,4,0,8,69,96,32,48,37,48,0,0,0,8.0,12.0,12.0,12.0,0.0,0.0,0.0
467,Camilo Pareja & Tony Brunelle,4,0.0,11.11,0,4,1,8,48,106,23,46,15,48,10,12,1,5.75,11.5,12.0,12.0,10.0,12.0,0.11
468,Lorand Csibi & Zoltan  Simon,4,25.0,22.22,1,3,2,7,68,103,31,48,25,47,12,8,1,7.75,12.0,11.75,11.75,12.0,8.0,0.44
469,Marcos Ochoa & Nick Morales,4,25.0,33.33,1,3,3,6,75,100,32,47,37,41,6,12,1,8.0,11.75,10.25,10.25,6.0,12.0,1.0
470,Brett Lorenzini & Katherin Aldana,4,50.0,44.44,2,2,4,5,85,84,38,44,35,33,12,7,1,9.5,11.0,8.25,8.25,12.0,7.0,1.78
471,Brett Lorenzini & Olive Lutton,4,75.0,75.0,3,1,6,2,86,44,46,22,40,22,0,0,0,11.5,5.5,5.5,5.5,0.0,0.0,4.5
472,Brian Mengel Thomsen & Casper Dorph,4,25.0,40.0,1,3,4,6,88,110,33,44,38,41,17,25,2,8.25,11.0,10.25,10.25,8.5,12.5,1.6
473,Daniel Gaspar & Tharik  Ferreira De Assis,4,50.0,55.56,2,2,5,4,92,86,46,37,37,37,9,12,1,11.5,9.25,9.25,9.25,9.0,12.0,2.78
474,Boglarka Lepsenyi & Martin Csereklye,4,50.0,55.56,2,2,5,4,91,86,39,35,43,39,9,12,1,9.75,8.75,9.75,9.75,9.0,12.0,2.78
475,Bruno Marcelo Do Nascimento & Carolyn Greco,4,50.0,60.0,2,2,6,4,102,82,46,27,45,31,11,24,2,11.5,6.75,7.75,7.75,5.5,12.0,3.6
476,Daniel Gaspar & Leah Morales,4,50.0,44.44,2,2,4,5,89,79,37,32,39,36,13,11,1,9.25,8.0,9.0,9.0,13.0,11.0,1.78
477,Caio Luigi Silva Soares & Victor Rocha De Oliveira,4,50.0,50.0,2,2,4,4,68,82,31,41,37,41,0,0,0,7.75,10.25,10.25,10.25,0.0,0.0,2.0
478,Margaret Osmundson & Mia  Valente,4,50.0,50.0,2,2,5,5,103,90,43,42,42,28,18,20,2,10.75,10.5,7.0,7.0,9.0,10.0,2.5
479,Daniel Gaspar & Gerardo  Ruiz Jr,4,50.0,50.0,2,2,4,4,67,55,30,26,37,39,0,0,0,7.5,6.5,9.75,9.75,0.0,0.0,2.0
480,Lea Vasas & Patrik Szatmari,3,33.33,33.33,1,2,2,4,38,69,18,34,20,35,0,0,0,6.0,11.33,11.67,11.67,0.0,0.0,0.67
481,Tomasz Marciniak & Tomasz Plaskowski,3,0.0,0.0,0,3,0,6,21,72,8,36,13,36,0,0,0,2.67,12.0,12.0,12.0,0.0,0.0,0.0
482,Trevor Fried & Zachary Boender,3,0.0,0.0,0,3,0,6,25,72,18,36,7,36,0,0,0,6.0,12.0,12.0,12.0,0.0,0.0,0.0
483,Lidia Schaab Vieira & Matheus Carneiro Lacerda,3,33.33,33.33,1,2,2,4,46,61,22,30,24,31,0,0,0,7.33,10.0,10.33,10.33,0.0,0.0,0.67
484,Polly Marino & Samantha Valdez,3,33.33,50.0,1,2,4,4,73,79,27,31,36,24,10,24,2,9.0,10.33,8.0,8.0,5.0,12.0,2.0
485,Leandro Spina & Roberto Dello Russo,3,0.0,0.0,0,3,0,6,46,72,25,36,21,36,0,0,0,8.33,12.0,12.0,12.0,0.0,0.0,0.0
486,Jorge  Hernandez & Michael Ruecktenwald,3,100.0,85.71,3,0,6,1,78,43,30,19,36,19,12,5,1,10.0,6.33,6.33,6.33,12.0,5.0,5.14
487,Preston Judd & Zico  Bailey,3,33.33,33.33,1,2,2,4,49,58,26,25,23,33,0,0,0,8.67,8.33,11.0,11.0,0.0,0.0,0.67
488,Priest Gideon & Yoon Jieon,3,33.33,28.57,1,2,2,5,63,80,25,33,25,36,13,11,1,8.33,11.0,12.0,12.0,13.0,11.0,0.57
489,Lea Vasas & Marton Keresztury,3,33.33,42.86,1,2,3,4,58,75,24,32,29,31,5,12,1,8.0,10.67,10.33,10.33,5.0,12.0,1.29
490,Lincoln Maitlen & Tanner  Gill,3,0.0,0.0,0,3,0,6,36,72,21,36,15,36,0,0,0,7.0,12.0,12.0,12.0,0.0,0.0,0.0
491,Zalan Szegedi & Zsofia Anna Blazsovics-Petri,3,33.33,28.57,1,2,2,5,59,77,25,36,22,32,12,9,1,8.33,12.0,10.67,10.67,12.0,9.0,0.57
492,Jose Damaceno & Joseph De Verteuil,3,0.0,14.29,0,3,1,6,45,81,19,36,21,33,5,12,1,6.33,12.0,11.0,11.0,5.0,12.0,0.14
493,Lea Grunenwald & Yassine Sahli,3,0.0,0.0,0,3,0,6,21,72,13,36,8,36,0,0,0,4.33,12.0,12.0,12.0,0.0,0.0,0.0
494,Quentin Henry & Victor Colas,3,0.0,14.29,0,3,1,6,41,83,15,36,20,35,6,12,1,5.0,12.0,11.67,11.67,6.0,12.0,0.14
495,Jesus Salvador Pinto Barbosa & Ricardo Anguiano Gonzalez,3,33.33,50.0,1,2,4,4,68,78,31,25,27,29,10,24,2,10.33,8.33,9.67,9.67,5.0,12.0,2.0
496,Leonardo Giulianini & Rubens  Pasino,3,33.33,33.33,1,2,2,4,51,59,23,31,28,28,0,0,0,7.67,10.33,9.33,9.33,0.0,0.0,0.67
497,Tamas Varro & Virgil Toni Lacatus,3,0.0,0.0,0,3,0,6,33,72,15,36,18,36,0,0,0,5.0,12.0,12.0,12.0,0.0,0.0,0.0
498,Jonathan Espinoza Condemarin & Ricardo Anguiano Gonzalez,3,0.0,0.0,0,3,0,6,23,72,9,36,14,36,0,0,0,3.0,12.0,12.0,12.0,0.0,0.0,0.0
499,Samir Fadeli & Thomas  Boisnoir,3,0.0,0.0,0,3,0,6,23,72,15,36,8,36,0,0,0,5.0,12.0,12.0,12.0,0.0,0.0,0.0
500,Ruy Castro & Thiago Gabriel Rodrigues Paz,3,33.33,28.57,1,2,2,5,46,74,21,31,13,36,12,7,1,7.0,10.33,12.0,12.0,12.0,7.0,0.57
501,Joao Vitor De Oliveira & Paulo Roberto  Gama De Macedo Filho,3,66.67,66.67,2,1,4,2,63,49,30,27,33,22,0,0,0,10.0,9.0,7.33,7.33,0.0,0.0,2.67
502,Krzysztof Mikulski & Olaf Powierza,3,0.0,0.0,0,3,0,6,32,72,15,36,17,36,0,0,0,5.0,12.0,12.0,12.0,0.0,0.0,0.0
503,Joe  Abdo & Raymond Abboud,3,33.33,33.33,1,2,2,4,58,61,29,30,29,31,0,0,0,9.67,10.0,10.33,10.33,0.0,0.0,0.67
504,Peter Michael Windt & Sorin Florin Vulc,3,0.0,0.0,0,3,0,6,18,72,8,36,10,36,0,0,0,2.67,12.0,12.0,12.0,0.0,0.0,0.0
505,Joao Paulo Neves Ferreira Henriques & Rui Leitao,3,0.0,14.29,0,3,1,6,60,78,32,30,18,36,10,12,1,10.67,10.0,12.0,12.0,10.0,12.0,0.14
506,Rogerio Abreu Da Silveira & Waldemar Dorneles Junior,3,33.33,33.33,1,2,2,4,42,67,20,34,22,33,0,0,0,6.67,11.33,11.0,11.0,0.0,0.0,0.67
507,Silvia Ferrer Garcia & Szabolcs Ilyes,3,33.33,50.0,1,2,4,4,88,89,33,32,35,32,20,25,2,11.0,10.67,10.67,10.67,10.0,12.5,2.0
508,Joao Paulo  Farias & Leonardo Nunes,3,0.0,25.0,0,3,2,6,65,85,23,36,29,25,13,24,2,7.67,12.0,8.33,8.33,6.5,12.0,0.5
509,Leticia Luzorio Barbosa & Paulina Lezak,3,33.33,42.86,1,2,3,4,60,76,25,33,29,31,6,12,1,8.33,11.0,10.33,10.33,6.0,12.0,1.29
510,Suneel Joshiab & Zachary Kiser,3,33.33,33.33,1,2,2,4,46,64,23,32,23,32,0,0,0,7.67,10.67,10.67,10.67,0.0,0.0,0.67
511,Lanseni Camara & Oumou Toure,3,33.33,42.86,1,2,3,4,57,65,25,26,27,27,5,12,1,8.33,8.67,9.0,9.0,5.0,12.0,1.29
512,Joao Bosco Godeiro De Freitas Neto & Patrick Garcia Vilela,3,0.0,14.29,0,3,1,6,61,80,25,36,28,32,8,12,1,8.33,12.0,10.67,10.67,8.0,12.0,0.14
513,Tamas Kovacs & Zsolt Lazar,3,33.33,42.86,1,2,3,4,60,67,26,26,26,29,8,12,1,8.67,8.67,9.67,9.67,8.0,12.0,1.29
514,Rennan  Da Costa Clem & Simone Da Silva Ribeiro Guimaraes,3,0.0,0.0,0,3,0,6,33,72,17,36,16,36,0,0,0,5.67,12.0,12.0,12.0,0.0,0.0,0.0
515,Sidney Luan  Alves Martins & Waldemar Dorneles Junior,3,33.33,42.86,1,2,3,4,59,80,30,34,23,34,6,12,1,10.0,11.33,11.33,11.33,6.0,12.0,1.29
516,Renato Silva Almeida & Roberta  Goulart,3,33.33,33.33,1,2,2,4,49,58,26,29,23,29,0,0,0,8.67,9.67,9.67,9.67,0.0,0.0,0.67
517,Nurdoolot Eshaliev & Sardar Ishenbaev,3,33.33,28.57,1,2,2,5,54,76,25,32,17,36,12,8,1,8.33,10.67,12.0,12.0,12.0,8.0,0.57
518,Jose Inmer  Majano Sorto & Roland Gunther  Vargas Aguilera,3,33.33,33.33,1,2,2,4,50,64,26,32,24,32,0,0,0,8.67,10.67,10.67,10.67,0.0,0.0,0.67
519,Mauro Matos & Raul Firmino,3,33.33,28.57,1,2,2,5,57,80,20,36,25,34,12,10,1,6.67,12.0,11.33,11.33,12.0,10.0,0.57
520,Matias Vargas & Yhordy Alexander  Antunez Pereyra,3,0.0,0.0,0,3,0,6,36,72,16,36,20,36,0,0,0,5.33,12.0,12.0,12.0,0.0,0.0,0.0
521,Matheus Felipe Oliveira Da Silva & Roberta Steffens,3,66.67,62.5,2,1,5,3,83,74,33,30,34,23,16,21,2,11.0,10.0,7.67,7.67,8.0,10.5,3.12
522,Lukas Smejkal & Roman  Lambert,3,33.33,33.33,1,2,2,4,35,63,17,30,18,33,0,0,0,5.67,10.0,11.0,11.0,0.0,0.0,0.67
523,Mahmued Kaakaa & Moustafa Jamal,3,33.33,33.33,1,2,2,4,50,61,24,30,26,31,0,0,0,8.0,10.0,10.33,10.33,0.0,0.0,0.67
524,Matheus  Silva De Oliveira & Matheus Carneiro Lacerda,3,33.33,33.33,1,2,2,4,50,67,20,34,30,33,0,0,0,6.67,11.33,11.0,11.0,0.0,0.0,0.67
525,Kamar Dandal & Maria Chedid,3,0.0,0.0,0,3,0,6,29,72,12,36,17,36,0,0,0,4.0,12.0,12.0,12.0,0.0,0.0,0.0
526,Maor Ankona & Refael  Ankona,3,33.33,28.57,1,2,2,5,47,71,18,36,17,31,12,4,1,6.0,12.0,10.33,10.33,12.0,4.0,0.57
527,Kamar Dandal & Rim Mostafa,3,0.0,0.0,0,3,0,6,39,72,18,36,21,36,0,0,0,6.0,12.0,12.0,12.0,0.0,0.0,0.0
528,Kamel Ferhat & Meyssane Laamouri,3,0.0,0.0,0,3,0,6,22,72,8,36,14,36,0,0,0,2.67,12.0,12.0,12.0,0.0,0.0,0.0
529,Kamel Ferhat & Ousama Laamouri,3,0.0,0.0,0,3,0,6,25,72,13,36,12,36,0,0,0,4.33,12.0,12.0,12.0,0.0,0.0,0.0
530,Marcio Ewbank Rodrigues & Marco Ewbank Rodrigues,3,33.33,33.33,1,2,2,4,51,60,26,29,25,31,0,0,0,8.67,9.67,10.33,10.33,0.0,0.0,0.67
531,Kamel Oukadir & Tahar Zaouia,3,33.33,33.33,1,2,2,4,32,68,17,34,15,34,0,0,0,5.67,11.33,11.33,11.33,0.0,0.0,0.67
532,Kareli Rodriguez & Kevin Mckeon,3,33.33,33.33,1,2,2,4,52,60,23,31,29,29,0,0,0,7.67,10.33,9.67,9.67,0.0,0.0,0.67
533,Kareli Rodriguez & Kristal  Luna,3,0.0,25.0,0,3,2,6,60,88,28,32,22,32,10,24,2,9.33,10.67,10.67,10.67,5.0,12.0,0.5
534,Martin Csereklye & Zsombor Bene,3,33.33,33.33,1,2,2,4,61,58,34,27,27,31,0,0,0,11.33,9.0,10.33,10.33,0.0,0.0,0.67
535,Marlon Valencia & Paul Kwoyelo,3,33.33,33.33,1,2,2,4,46,65,27,31,19,34,0,0,0,9.0,10.33,11.33,11.33,0.0,0.0,0.67
536,Kennan Benalloua & Nasser Ajouaou,3,33.33,50.0,1,2,4,4,66,82,28,26,29,32,9,24,2,9.33,8.67,10.67,10.67,4.5,12.0,2.0
537,Mark El-Nakat & Michel Sleiman,3,33.33,33.33,1,2,2,4,52,58,26,29,26,29,0,0,0,8.67,9.67,9.67,9.67,0.0,0.0,0.67
538,Marius Mititel & Natanael  Gross,3,33.33,42.86,1,2,3,4,54,64,23,27,29,25,2,12,1,7.67,9.0,8.33,8.33,2.0,12.0,1.29
539,Marcos Ochoa & Roberto Acuna-Corona,3,33.33,42.86,1,2,3,4,72,67,34,25,27,29,11,13,1,11.33,8.33,9.67,9.67,11.0,13.0,1.29
540,Maria Chedid & Yassine Sahli,3,33.33,28.57,1,2,2,5,59,79,23,34,24,36,12,9,1,7.67,11.33,12.0,12.0,12.0,9.0,0.57
541,Lea Grunenwald & Lionel Beyer,3,33.33,42.86,1,2,3,4,70,74,32,31,32,31,6,12,1,10.67,10.33,10.33,10.33,6.0,12.0,1.29
542,Mehdi Sahli & Mohamed-Amine Necer,3,0.0,0.0,0,3,0,6,29,72,12,36,17,36,0,0,0,4.0,12.0,12.0,12.0,0.0,0.0,0.0
543,Peter  Gergely & Szilard Laszlo,3,33.33,33.33,1,2,2,4,42,66,20,31,22,35,0,0,0,6.67,10.33,11.67,11.67,0.0,0.0,0.67
544,Kevin Mckeon & Kristal  Luna,3,66.67,71.43,2,1,5,2,76,48,36,16,35,20,5,12,1,12.0,5.33,6.67,6.67,5.0,12.0,3.57
545,Lorrany Ritter Vilela & Luiz Fernando De Mendonca De Lima,3,33.33,42.86,1,2,3,4,56,74,19,29,31,33,6,12,1,6.33,9.67,11.0,11.0,6.0,12.0,1.29
546,Pedro Silveira Jurado & Rafael  Silva De Menezes,3,33.33,33.33,1,2,2,4,55,61,26,32,29,29,0,0,0,8.67,10.67,9.67,9.67,0.0,0.0,0.67
547,Julia Ricardo & Milton Vicente Marques Junior,3,0.0,0.0,0,3,0,6,24,72,13,36,11,36,0,0,0,4.33,12.0,12.0,12.0,0.0,0.0,0.0
548,Paulo Roberto Kendzerski Junior & Rodrigo  Alvim,3,0.0,14.29,0,3,1,6,40,82,21,34,15,36,4,12,1,7.0,11.33,12.0,12.0,4.0,12.0,0.14
549,Louis-Jovan Marque & Mounir El Ayachi,3,0.0,0.0,0,3,0,6,20,72,13,36,7,36,0,0,0,4.33,12.0,12.0,12.0,0.0,0.0,0.0
550,Louise Palmieri & Stefan  Nieth,3,0.0,14.29,0,3,1,6,54,77,19,36,27,29,8,12,1,6.33,12.0,9.67,9.67,8.0,12.0,0.14
551,Patrik Szatmari & Rita Kordics,3,0.0,0.0,0,3,0,6,42,72,19,36,23,36,0,0,0,6.33,12.0,12.0,12.0,0.0,0.0,0.0
552,Julian Monsalve & Mateo Morales,3,0.0,0.0,0,3,0,6,17,72,5,36,12,36,0,0,0,1.67,12.0,12.0,12.0,0.0,0.0,0.0
553,Julian Portugal & Tyler James Moriarty,3,0.0,0.0,0,3,0,6,34,72,18,36,16,36,0,0,0,6.0,12.0,12.0,12.0,0.0,0.0,0.0
554,Juliana Abreu De Castro & Sidney Luan  Alves Martins,3,33.33,42.86,1,2,3,4,55,67,19,30,28,25,8,12,1,6.33,10.0,8.33,8.33,8.0,12.0,1.29
555,Kristof Bencze & Peter Blazsovics,3,0.0,0.0,0,3,0,6,32,72,21,36,11,36,0,0,0,7.0,12.0,12.0,12.0,0.0,0.0,0.0
556,Nancy Avesyan & Ryutaro  Ichihara,3,33.33,33.33,1,2,2,4,57,60,26,30,31,30,0,0,0,8.67,10.0,10.0,10.0,0.0,0.0,0.67
557,Nabil Issa & Wael  Sleiman,3,33.33,37.5,1,2,3,5,75,79,34,25,24,36,17,18,2,11.33,8.33,12.0,12.0,8.5,9.0,1.12
558,Mohammed Hichem Nehari & Yanis Sakhi,3,0.0,0.0,0,3,0,6,36,72,23,36,13,36,0,0,0,7.67,12.0,12.0,12.0,0.0,0.0,0.0
559,Mick Lee & Piero Francesco Abad Nassi,3,33.33,33.33,1,2,2,4,50,60,22,29,28,31,0,0,0,7.33,9.67,10.33,10.33,0.0,0.0,0.67
560,Mick Lee & Pedro  Godomar,3,0.0,0.0,0,3,0,6,27,72,16,36,11,36,0,0,0,5.33,12.0,12.0,12.0,0.0,0.0,0.0
561,Juraj Bosnjak & Kristian Stanic,3,0.0,0.0,0,3,0,6,19,72,9,36,10,36,0,0,0,3.0,12.0,12.0,12.0,0.0,0.0,0.0
562,Justin Trout & Michael Trey Triplett,3,0.0,0.0,0,3,0,6,27,72,13,36,14,36,0,0,0,4.33,12.0,12.0,12.0,0.0,0.0,0.0
563,Kevin Medina Berrio & Klisman Medina Berrio,3,33.33,28.57,1,2,2,5,67,77,28,33,27,36,12,8,1,9.33,11.0,12.0,12.0,12.0,8.0,0.57
564,Meyssane Laamouri & Rayane Laamouri,3,0.0,0.0,0,3,0,6,18,72,8,36,10,36,0,0,0,2.67,12.0,12.0,12.0,0.0,0.0,0.0
565,Mellany  Vellardo De Souza & Ygor  Leal De Souza,3,0.0,0.0,0,3,0,6,16,72,8,36,8,36,0,0,0,2.67,12.0,12.0,12.0,0.0,0.0,0.0
566,Kacper Skarzynski & Lionel Beyer,3,33.33,42.86,1,2,3,4,60,74,22,33,28,29,10,12,1,7.33,11.0,9.67,9.67,10.0,12.0,1.29
567,Aaly Bekturov & Kutman Ernisov,3,33.33,33.33,1,2,2,4,63,69,33,35,30,34,0,0,0,11.0,11.67,11.33,11.33,0.0,0.0,0.67
568,Jean Thierry Belus & Yassine Sahli,3,66.67,57.14,2,1,4,3,67,64,29,32,26,29,12,3,1,9.67,10.67,9.67,9.67,12.0,3.0,2.29
569,Benjamin Andrew Martin & Cole Macgeoghegan Russell,3,0.0,0.0,0,3,0,6,35,72,16,36,19,36,0,0,0,5.33,12.0,12.0,12.0,0.0,0.0,0.0
570,Bence Forgacs & Nora Veronika Vicsek,3,33.33,33.33,1,2,2,4,47,65,22,34,25,31,0,0,0,7.33,11.33,10.33,10.33,0.0,0.0,0.67
571,Beatriz Ribeiro Rebel De Siqueira & Willian Theodoro Nogueira,3,33.33,33.33,1,2,2,4,38,62,16,33,22,29,0,0,0,5.33,11.0,9.67,9.67,0.0,0.0,0.67
572,Basel Ahmad Hasan & Sarah Khaja,3,0.0,0.0,0,3,0,6,11,72,4,36,7,36,0,0,0,1.33,12.0,12.0,12.0,0.0,0.0,0.0
573,Bartosz Januszewski & Maciej Frackiewicz,3,33.33,33.33,1,2,2,4,53,60,24,29,29,31,0,0,0,8.0,9.67,10.33,10.33,0.0,0.0,0.67
574,Bartosz Januszewski & Klaudia Mindak,3,33.33,33.33,1,2,2,4,46,67,24,34,22,33,0,0,0,8.0,11.33,11.0,11.0,0.0,0.0,0.67
575,Bartosz Januszewski & Ewa Kaminska,3,33.33,33.33,1,2,2,4,43,60,21,29,22,31,0,0,0,7.0,9.67,10.33,10.33,0.0,0.0,0.67
576,Barna Kadar & Bogdan Aurel Stoica,3,33.33,42.86,1,2,3,4,54,63,27,23,20,28,7,12,1,9.0,7.67,9.33,9.33,7.0,12.0,1.29
577,Baptiste Berna & Lea Hoffmann,3,33.33,42.86,1,2,3,4,70,70,28,30,35,28,7,12,1,9.33,10.0,9.33,9.33,7.0,12.0,1.29
578,Balazs Katz & Dorka Blazsovics,3,66.67,57.14,2,1,4,3,73,54,34,22,27,28,12,4,1,11.33,7.33,9.33,9.33,12.0,4.0,2.29
579,Balazs Erik Jakab & Laszlo Major,3,0.0,0.0,0,3,0,6,46,72,24,36,22,36,0,0,0,8.0,12.0,12.0,12.0,0.0,0.0,0.0
580,Aziret Omurbekov & Mirusuf Ibragimov,3,0.0,0.0,0,3,0,6,36,72,17,36,19,36,0,0,0,5.67,12.0,12.0,12.0,0.0,0.0,0.0
581,Ashley Triplett & Morgan Burnett,3,0.0,0.0,0,3,0,6,20,72,10,36,10,36,0,0,0,3.33,12.0,12.0,12.0,0.0,0.0,0.0
582,Ashley Oswald & Elanna Arceo,3,33.33,28.57,1,2,2,5,43,71,16,28,15,36,12,7,1,5.33,9.33,12.0,12.0,12.0,7.0,0.57
583,Ash Hameed & Rizlen Ameur,3,0.0,0.0,0,3,0,6,30,72,18,36,12,36,0,0,0,6.0,12.0,12.0,12.0,0.0,0.0,0.0
584,Ash Hameed & Mohamed Aissaoui,3,0.0,0.0,0,3,0,6,32,72,14,36,18,36,0,0,0,4.67,12.0,12.0,12.0,0.0,0.0,0.0
585,Argen Kamchibekov & Azamat Kadyrov,3,0.0,14.29,0,3,1,6,50,76,19,36,23,28,8,12,1,6.33,12.0,9.33,9.33,8.0,12.0,0.14
586,Apor Szocs & Zoltan Nagy,3,0.0,14.29,0,3,1,6,46,78,18,36,22,30,6,12,1,6.0,12.0,10.0,10.0,6.0,12.0,0.14
587,Antonio Gil & Felipe Silva,3,0.0,0.0,0,3,0,6,32,72,15,36,17,36,0,0,0,5.0,12.0,12.0,12.0,0.0,0.0,0.0
588,Anton Kiryakov & Naycho Biserov,3,0.0,0.0,0,3,0,6,17,72,8,36,9,36,0,0,0,2.67,12.0,12.0,12.0,0.0,0.0,0.0
589,Anton Kiryakov & Hugo Grondin,3,0.0,0.0,0,3,0,6,38,72,18,36,20,36,0,0,0,6.0,12.0,12.0,12.0,0.0,0.0,0.0
590,Anthony Dono & Edwin  Garcia,3,33.33,37.5,1,2,3,5,68,85,22,33,26,35,20,17,2,7.33,11.0,11.67,11.67,10.0,8.5,1.12
591,Bence Marc & Florin Norbert Lazau,3,0.0,0.0,0,3,0,6,40,72,14,36,26,36,0,0,0,4.67,12.0,12.0,12.0,0.0,0.0,0.0
592,Billal Debiche & Gregory Schindler,3,33.33,33.33,1,2,2,4,45,60,23,29,22,31,0,0,0,7.67,9.67,10.33,10.33,0.0,0.0,0.67
593,Dani Peleva & Dian Georgiev,3,0.0,0.0,0,3,0,6,42,72,21,36,21,36,0,0,0,7.0,12.0,12.0,12.0,0.0,0.0,0.0
594,Boston Fitzpatrick & Carolyn Greco,3,33.33,42.86,1,2,3,4,75,75,31,31,34,32,10,12,1,10.33,10.33,10.67,10.67,10.0,12.0,1.29
595,Coralie Daul & Maxime Arnold,3,33.33,33.33,1,2,2,4,46,68,24,35,22,33,0,0,0,8.0,11.67,11.0,11.0,0.0,0.0,0.67
596,Coralie Daul & Hugo Rabeux,3,33.33,33.33,1,2,2,4,58,61,30,27,28,34,0,0,0,10.0,9.0,11.33,11.33,0.0,0.0,0.67
597,Constantino  Wells & Davide Di Poce,3,33.33,33.33,1,2,2,4,44,61,23,30,21,31,0,0,0,7.67,10.0,10.33,10.33,0.0,0.0,0.67
598,Connor  Carman & James Arterberry,3,66.67,57.14,2,1,4,3,65,67,23,30,29,26,13,11,1,7.67,10.0,8.67,8.67,13.0,11.0,2.29
599,Cleiton Fonseca & Sonia Correia,3,0.0,5.88,0,3,1,16,37,72,19,36,18,36,0,0,0,6.33,12.0,12.0,12.0,0.0,0.0,0.06
600,Claudio Davi Ponte Dos Santos & Emili Ricardo,3,33.33,50.0,1,2,4,4,79,78,36,23,27,31,16,24,2,12.0,7.67,10.33,10.33,8.0,12.0,2.0
601,Christine Kwon & Nike Azuma,3,66.67,62.5,2,1,5,3,82,68,36,18,27,30,19,20,2,12.0,6.0,10.0,10.0,9.5,10.0,3.12
602,Christine Kwon & Kenshiro  Daniels,3,100.0,100.0,3,0,6,0,72,33,36,13,36,20,0,0,0,12.0,4.33,6.67,6.67,0.0,0.0,6.0
603,Christine Kwon & Jaide  Garcia,3,66.67,71.43,2,1,5,2,71,50,36,19,28,19,7,12,1,12.0,6.33,6.33,6.33,7.0,12.0,3.57
604,Christian Guerreiro & Mario  Costa,3,33.33,33.33,1,2,2,4,32,65,15,33,17,32,0,0,0,5.0,11.0,10.67,10.67,0.0,0.0,0.67
605,Cesar Alcala & Nick Morales,3,33.33,33.33,1,2,2,4,40,61,17,30,23,31,0,0,0,5.67,10.0,10.33,10.33,0.0,0.0,0.67
606,Celso Livramento Filho & Yuri Santiago De Oliveira,3,0.0,0.0,0,3,0,6,47,72,23,36,24,36,0,0,0,7.67,12.0,12.0,12.0,0.0,0.0,0.0
607,Catherine Davila & Julie Uhrman,3,0.0,0.0,0,3,0,6,35,72,21,36,14,36,0,0,0,7.0,12.0,12.0,12.0,0.0,0.0,0.0
608,Cassio Da Silva Da Silveira & Rogerio Abreu Da Silveira,3,0.0,0.0,0,3,0,6,42,72,22,36,20,36,0,0,0,7.33,12.0,12.0,12.0,0.0,0.0,0.0
609,Carolyn Greco & Deiver Alexander Lopez,3,100.0,100.0,3,0,6,0,72,26,36,12,36,14,0,0,0,12.0,4.0,4.67,4.67,0.0,0.0,6.0
610,Jay  Vasquez & Zaven  Ruvalcaba,3,0.0,0.0,0,3,0,5,36,60,25,36,11,24,0,0,0,8.33,12.0,8.0,8.0,0.0,0.0,0.0
611,Caitlyn Kreutz & Kenshiro  Daniels,3,0.0,0.0,0,3,0,6,24,72,10,36,14,36,0,0,0,3.33,12.0,12.0,12.0,0.0,0.0,0.0
612,Bryce Mcbride & Ethan Herrell,3,33.33,33.33,1,2,2,4,33,48,19,24,14,24,0,0,0,6.33,8.0,8.0,8.0,0.0,0.0,0.67
613,Bruno Silva Martins & Rafael Muller De Barros,3,0.0,0.0,0,3,0,6,37,72,17,36,20,36,0,0,0,5.67,12.0,12.0,12.0,0.0,0.0,0.0
614,Bruno De Carvalho Conteville & Vitor  Resende De Brito,3,33.33,42.86,1,2,3,4,58,70,30,28,22,30,6,12,1,10.0,9.33,10.0,10.0,6.0,12.0,1.29
615,Brayan Castro & Ilia Pilic,3,66.67,66.67,2,1,4,2,57,58,28,29,29,29,0,0,0,9.33,9.67,9.67,9.67,0.0,0.0,2.67
616,Anthony  Karam & Ibrahim Haydar,3,0.0,25.0,0,3,2,6,60,88,29,29,20,35,11,24,2,9.67,9.67,11.67,11.67,5.5,12.0,0.5
617,Anna Mendes & Boldizsar Gemza,3,0.0,0.0,0,3,0,6,39,72,24,36,15,36,0,0,0,8.0,12.0,12.0,12.0,0.0,0.0,0.0
618,Anna Imolay & Balazs Kardos,3,0.0,14.29,0,3,1,6,48,83,10,36,29,35,9,12,1,3.33,12.0,11.67,11.67,9.0,12.0,0.14
619,Anis Oumeddour & Gautier  Clauss,3,33.33,33.33,1,2,2,4,49,65,23,34,26,31,0,0,0,7.67,11.33,10.33,10.33,0.0,0.0,0.67
620,Alex Varga & Roland  Aradszki,3,0.0,0.0,0,3,0,6,25,72,10,36,15,36,0,0,0,3.33,12.0,12.0,12.0,0.0,0.0,0.0
621,Alex  Escobar & Jonathan Gold,3,0.0,0.0,0,3,0,6,31,72,14,36,17,36,0,0,0,4.67,12.0,12.0,12.0,0.0,0.0,0.0
622,Aleksandra Orzechowska & Piotr Cygan,3,33.33,33.33,1,2,2,4,49,70,23,35,26,35,0,0,0,7.67,11.67,11.67,11.67,0.0,0.0,0.67
623,Alejandro Ordaz & Jorge Luis  Reyes,3,33.33,33.33,1,2,2,4,49,62,24,31,25,31,0,0,0,8.0,10.33,10.33,10.33,0.0,0.0,0.67
624,Alec Alvarado & Kyle Riley,3,33.33,33.33,1,2,2,4,41,64,21,35,20,29,0,0,0,7.0,11.67,9.67,9.67,0.0,0.0,0.67
625,Aldair Delgado & Ivan Ramos,3,33.33,33.33,1,2,2,4,39,62,18,32,21,30,0,0,0,6.0,10.67,10.0,10.0,0.0,0.0,0.67
626,Alan Marcelo Ferreira Cavalcanti & Luis Fernando Caetano Dos Santos,3,33.33,33.33,1,2,2,4,60,57,33,29,27,28,0,0,0,11.0,9.67,9.33,9.33,0.0,0.0,0.67
627,Alan Galecki & Ewa Kaminska,3,33.33,42.86,1,2,3,4,73,74,35,28,30,34,8,12,1,11.67,9.33,11.33,11.33,8.0,12.0,1.29
628,Aizhan  Boronbekova & Toktobolotova Baktygul,3,33.33,42.86,1,2,3,4,73,75,35,28,31,35,7,12,1,11.67,9.33,11.67,11.67,7.0,12.0,1.29
629,Aidan Daniel Neill & Nicholas Lazarski,3,0.0,0.0,0,3,0,6,22,72,6,36,16,36,0,0,0,2.0,12.0,12.0,12.0,0.0,0.0,0.0
630,Agnieszka Rybicka & Zalan Szegedi,3,33.33,33.33,1,2,2,4,51,63,22,30,29,33,0,0,0,7.33,10.0,11.0,11.0,0.0,0.0,0.67
631,Adrien Uka & Joao Paulo Neves Ferreira Henriques,3,33.33,33.33,1,2,2,4,54,63,24,35,30,28,0,0,0,8.0,11.67,9.33,9.33,0.0,0.0,0.67
632,Adrien Uka & Csaba Balazsi,3,33.33,33.33,1,2,2,4,42,57,19,28,23,29,0,0,0,6.33,9.33,9.67,9.67,0.0,0.0,0.67
633,Adrian Jauregui Rodriguez & Jeronimo Lucas,3,66.67,66.67,2,1,4,2,57,60,25,27,32,33,0,0,0,8.33,9.0,11.0,11.0,0.0,0.0,2.67
634,Adrian Duszak & Monika  Walak,3,33.33,33.33,1,2,2,4,51,60,24,30,27,30,0,0,0,8.0,10.0,10.0,10.0,0.0,0.0,0.67
635,Adel Erkinbaeva & Nazik Kumyshbek Kyzy,3,33.33,33.33,1,2,2,4,45,64,21,30,24,34,0,0,0,7.0,10.0,11.33,11.33,0.0,0.0,0.67
636,Adam Veszpremi & Artur Papizsanszkij,3,0.0,0.0,0,3,0,6,36,72,18,36,18,36,0,0,0,6.0,12.0,12.0,12.0,0.0,0.0,0.0
637,Adam Toronyi & Patrik Szatmari,3,33.33,33.33,1,2,2,4,45,59,20,31,25,28,0,0,0,6.67,10.33,9.33,9.33,0.0,0.0,0.67
638,Abdulwahab Alqattan & Basel Ahmad Hasan,3,33.33,33.33,1,2,2,4,34,61,17,30,17,31,0,0,0,5.67,10.0,10.33,10.33,0.0,0.0,0.67
639,Abdu Abdulghafour & Rasha Kayali,3,33.33,50.0,1,2,4,4,79,81,36,22,31,35,12,24,2,12.0,7.33,11.67,11.67,6.0,12.0,2.0
640,Abdelmagid  Tama & Rida Chaaban,3,33.33,33.33,1,2,2,4,40,58,20,29,20,29,0,0,0,6.67,9.67,9.67,9.67,0.0,0.0,0.67
641,Alexander Mendoza  Alex & Elanna Arceo,3,0.0,14.29,0,3,1,6,52,82,20,36,23,34,9,12,1,6.67,12.0,11.33,11.33,9.0,12.0,0.14
642,Alexandra Jazmin Szollos & Zsofia Anna Blazsovics-Petri,3,33.33,33.33,1,2,2,4,50,60,30,32,20,28,0,0,0,10.0,10.67,9.33,9.33,0.0,0.0,0.67
643,Alexandre Tino  Nagor & Loris  Kapp,3,33.33,42.86,1,2,3,4,58,63,23,27,24,23,11,13,1,7.67,9.0,7.67,7.67,11.0,13.0,1.29
644,Andre Espinoza & Justin Fowler,3,0.0,0.0,0,3,0,6,29,72,16,36,13,36,0,0,0,5.33,12.0,12.0,12.0,0.0,0.0,0.0
645,Aniel Lopes & Rachel Zauli Serpa,3,33.33,33.33,1,2,2,4,56,66,29,32,27,34,0,0,0,9.67,10.67,11.33,11.33,0.0,0.0,0.67
646,Angelo Scarpulla & Kevin Calzada Zapata,3,0.0,0.0,0,3,0,6,35,72,18,36,17,36,0,0,0,6.0,12.0,12.0,12.0,0.0,0.0,0.0
647,Andrija Jovanovic & Marko Zarkovic,3,33.33,28.57,1,2,2,5,62,77,28,36,22,31,12,10,1,9.33,12.0,10.33,10.33,12.0,10.0,0.57
648,Andrew Alcocer & Florencia  Gomez,3,0.0,0.0,0,3,0,6,25,72,10,36,15,36,0,0,0,3.33,12.0,12.0,12.0,0.0,0.0,0.0
649,Andres Felipe  Bohorquez Forigua & Tabata  Lyra Mosso,3,33.33,33.33,1,2,2,4,48,52,20,25,28,27,0,0,0,6.67,8.33,9.0,9.0,0.0,0.0,0.67
650,Andres Berriel & Piero Francesco Abad Nassi,3,33.33,50.0,1,2,4,4,77,72,33,25,34,23,10,24,2,11.0,8.33,7.67,7.67,5.0,12.0,2.0
651,Andres  Montoya & Edwin Esteban Londono Ruiz,3,0.0,14.29,0,3,1,6,46,83,17,36,19,35,10,12,1,5.67,12.0,11.67,11.67,10.0,12.0,0.14
652,Andres  Mesa & Julian Light,3,33.33,33.33,1,2,2,4,53,56,21,25,32,31,0,0,0,7.0,8.33,10.33,10.33,0.0,0.0,0.67
653,Andre Espinoza & Nicholas Rogers,3,33.33,33.33,1,2,2,4,53,58,26,28,27,30,0,0,0,8.67,9.33,10.0,10.0,0.0,0.0,0.67
654,Andre  Balatka & Mikayla  Abrenica,3,33.33,33.33,1,2,2,4,48,68,23,35,25,33,0,0,0,7.67,11.67,11.0,11.0,0.0,0.0,0.67
655,Alexis Aguilar & Julia Gomez,3,0.0,14.29,0,3,1,6,36,76,21,28,9,36,6,12,1,7.0,9.33,12.0,12.0,6.0,12.0,0.14
656,Anderson  Cunha & Fernando Schink Goncalves,3,33.33,33.33,1,2,2,4,41,48,20,24,21,24,0,0,0,6.67,8.0,8.0,8.0,0.0,0.0,0.67
657,Anastasija Lemajic & Lea Grunenwald,3,0.0,0.0,0,3,0,6,40,72,19,36,21,36,0,0,0,6.33,12.0,12.0,12.0,0.0,0.0,0.0
658,Anastasiia Terekh & Iryna  Dubytska,3,33.33,33.33,1,2,2,4,39,63,16,35,23,28,0,0,0,5.33,11.67,9.33,9.33,0.0,0.0,0.67
659,Anas Beg & Vinit  Jain,3,33.33,28.57,1,2,2,5,61,74,17,36,32,33,12,5,1,5.67,12.0,11.0,11.0,12.0,5.0,0.57
660,Amy Michelle Kreider & Julianna Mayfield,3,0.0,0.0,0,3,0,6,29,72,17,36,12,36,0,0,0,5.67,12.0,12.0,12.0,0.0,0.0,0.0
661,Amir Marei Madi & Bilal Attia,3,33.33,33.33,1,2,2,4,39,60,16,32,23,28,0,0,0,5.33,10.67,9.33,9.33,0.0,0.0,0.67
662,Amina Karime & Maria Chedid,3,0.0,25.0,0,3,2,6,63,88,17,36,35,28,11,24,2,5.67,12.0,9.33,9.33,5.5,12.0,0.5
663,Alexsandro Abreu Martins & Sidney Luan  Alves Martins,3,33.33,33.33,1,2,2,4,48,62,25,29,23,33,0,0,0,8.33,9.67,11.0,11.0,0.0,0.0,0.67
664,Alexis Donneys & Tyler  Regan,3,33.33,33.33,1,2,2,4,47,68,26,35,21,33,0,0,0,8.67,11.67,11.0,11.0,0.0,0.0,0.67
665,Cyprian Gaik & Jakub Klosinski,3,0.0,0.0,0,3,0,6,29,72,13,36,16,36,0,0,0,4.33,12.0,12.0,12.0,0.0,0.0,0.0
666,Carlos Arana-Oviedo & Wendy Pintor,3,33.33,33.33,1,2,2,4,38,60,18,28,20,32,0,0,0,6.0,9.33,10.67,10.67,0.0,0.0,0.67
667,Evelin Eros & Hugo Rabeux,3,0.0,14.29,0,3,1,6,54,81,29,33,17,36,8,12,1,9.67,11.0,12.0,12.0,8.0,12.0,0.14
668,Elen Janine  Ines & Fred Wilson,3,33.33,33.33,1,2,2,4,49,65,24,32,25,33,0,0,0,8.0,10.67,11.0,11.0,0.0,0.0,0.67
669,Fulvio Gallo & Giusy Moraca,3,0.0,0.0,0,3,0,6,38,72,15,36,23,36,0,0,0,5.0,12.0,12.0,12.0,0.0,0.0,0.0
670,Frederico Gomes Hudson & Gustavo Claro Alves,3,0.0,0.0,0,3,0,6,36,72,16,36,20,36,0,0,0,5.33,12.0,12.0,12.0,0.0,0.0,0.0
671,Francesco Romano & Nicola Solimeno,3,33.33,33.33,1,2,2,4,35,57,17,25,18,32,0,0,0,5.67,8.33,10.67,10.67,0.0,0.0,0.67
672,Francesco Badaracco & Vincenzo Streppone,3,0.0,0.0,0,3,0,6,25,72,13,36,12,36,0,0,0,4.33,12.0,12.0,12.0,0.0,0.0,0.0
673,Fouad Ghanem & Lionel Younan,3,0.0,0.0,0,3,0,6,35,72,20,36,15,36,0,0,0,6.67,12.0,12.0,12.0,0.0,0.0,0.0
674,Florin Cojocaru & Peter Bandi,3,0.0,0.0,0,3,0,6,43,72,26,36,17,36,0,0,0,8.67,12.0,12.0,12.0,0.0,0.0,0.0
675,Fethi Larit & Zebatte Samia,3,0.0,0.0,0,3,0,6,31,72,12,36,19,36,0,0,0,4.0,12.0,12.0,12.0,0.0,0.0,0.0
676,Farid Grine & Malak Benyounes,3,0.0,0.0,0,3,0,6,27,72,9,36,18,36,0,0,0,3.0,12.0,12.0,12.0,0.0,0.0,0.0
677,Fahd Eddahdouhi & Ismail  Beloued,3,0.0,0.0,0,3,0,6,30,72,11,36,19,36,0,0,0,3.67,12.0,12.0,12.0,0.0,0.0,0.0
678,Fahad Hussain & Sulaiman Alshatti,3,33.33,33.33,1,2,2,4,48,70,20,35,28,35,0,0,0,6.67,11.67,11.67,11.67,0.0,0.0,0.67
679,Fabio Varela & Tommy Tomar,3,0.0,0.0,0,3,0,6,26,72,13,36,13,36,0,0,0,4.33,12.0,12.0,12.0,0.0,0.0,0.0
680,Fabio Varela & Laricia Lopes,3,33.33,33.33,1,2,2,4,54,48,25,24,29,24,0,0,0,8.33,8.0,8.0,8.0,0.0,0.0,0.67
681,Ewan Mcgarvey & Lochlann Mcgarvey,3,0.0,0.0,0,3,0,6,30,72,11,36,19,36,0,0,0,3.67,12.0,12.0,12.0,0.0,0.0,0.0
682,Evelin Eros & Zsanett Janicsek,3,0.0,0.0,0,3,0,6,19,72,10,36,9,36,0,0,0,3.33,12.0,12.0,12.0,0.0,0.0,0.0
683,Dani Peleva & Stoycho Zhekov,3,33.33,33.33,1,2,2,4,49,62,24,31,25,31,0,0,0,8.0,10.33,10.33,10.33,0.0,0.0,0.67
684,Ester Viana Mendes & Thais  Moratti,3,33.33,33.33,1,2,2,4,50,57,26,29,24,28,0,0,0,8.67,9.67,9.33,9.33,0.0,0.0,0.67
685,Ester Viana Mendes & Rodrigo Bento Medeiros,3,33.33,50.0,1,2,4,4,87,85,33,32,36,28,18,25,2,11.0,10.67,9.33,9.33,9.0,12.5,2.0
686,Ester Viana Mendes & Rachel Zauli Serpa,3,33.33,28.57,1,2,2,5,53,79,19,36,22,35,12,8,1,6.33,12.0,11.67,11.67,12.0,8.0,0.57
687,Erick  Mota Cardoso & Paulo Ricardo Porto Meireles,3,0.0,0.0,0,3,0,6,23,72,11,36,12,36,0,0,0,3.67,12.0,12.0,12.0,0.0,0.0,0.0
688,Emily Wiggins & Jennifer Eunice Munoz,3,33.33,37.5,1,2,3,5,59,82,12,36,27,28,20,18,2,4.0,12.0,9.33,9.33,10.0,9.0,1.12
689,Emily Eitzman & Florencia  Gomez,3,33.33,33.33,1,2,2,4,49,65,25,32,24,33,0,0,0,8.33,10.67,11.0,11.0,0.0,0.0,0.67
690,Elvia Loredo & Marcos Ochoa,3,0.0,0.0,0,3,0,6,32,72,11,36,21,36,0,0,0,3.67,12.0,12.0,12.0,0.0,0.0,0.0
691,Elvia Loredo & Felix  Espino,3,0.0,0.0,0,3,0,6,36,72,20,36,16,36,0,0,0,6.67,12.0,12.0,12.0,0.0,0.0,0.0
692,Fulvio Gallo & Pasquale Errico,3,33.33,33.33,1,2,2,4,59,59,32,32,27,27,0,0,0,10.67,10.67,9.0,9.0,0.0,0.0,0.67
693,Gabor Bajor & Luca Horvath,3,33.33,42.86,1,2,3,4,70,68,30,30,32,26,8,12,1,10.0,10.0,8.67,8.67,8.0,12.0,1.29
694,Gabriel Emanuel Valesasan & Nicolae Lucian Abusan,3,0.0,0.0,0,3,0,6,25,72,11,36,14,36,0,0,0,3.67,12.0,12.0,12.0,0.0,0.0,0.0
695,Heber Valenzuela Valenzuela & Jorge Luis  Reyes,3,0.0,0.0,0,3,0,6,29,72,10,36,19,36,0,0,0,3.33,12.0,12.0,12.0,0.0,0.0,0.0
696,Jarise Evora & Teodoro Silva,3,0.0,0.0,0,3,0,6,42,72,22,36,20,36,0,0,0,7.33,12.0,12.0,12.0,0.0,0.0,0.0
697,Jan Jakub Borys & Piotr Cieslak,3,0.0,0.0,0,3,0,6,17,72,8,36,9,36,0,0,0,2.67,12.0,12.0,12.0,0.0,0.0,0.0
698,Jaide  Garcia & Polly Marino,3,33.33,28.57,1,2,2,5,63,80,23,35,28,36,12,9,1,7.67,11.67,12.0,12.0,12.0,9.0,0.57
699,Islam Daiirbekov & Ismail  Beloued,3,0.0,0.0,0,3,0,6,21,72,9,36,12,36,0,0,0,3.0,12.0,12.0,12.0,0.0,0.0,0.0
700,Isaiah Asencio & Jesus Garcia,3,33.33,33.33,1,2,2,4,46,70,25,35,21,35,0,0,0,8.33,11.67,11.67,11.67,0.0,0.0,0.67
701,Isabelle Delgado & Olivia Garcia,3,0.0,0.0,0,3,0,6,14,72,4,36,10,36,0,0,0,1.33,12.0,12.0,12.0,0.0,0.0,0.0
702,Iryna  Dubytska & Oleh Usychenko,3,0.0,0.0,0,3,0,6,37,72,21,36,16,36,0,0,0,7.0,12.0,12.0,12.0,0.0,0.0,0.0
703,Ibrahim Obeid & Omar Elsoufi,3,0.0,14.29,0,3,1,6,53,82,26,36,21,34,6,12,1,8.67,12.0,11.33,11.33,6.0,12.0,0.14
704,Iaroslav  Volchanskyi & Polly Marino,3,0.0,0.0,0,3,0,6,0,72,0,36,0,36,0,0,0,0.0,12.0,12.0,12.0,0.0,0.0,0.0
705,Heber Valenzuela Valenzuela & Piero Francesco Abad Nassi,3,33.33,33.33,1,2,2,4,47,68,26,35,21,33,0,0,0,8.67,11.67,11.0,11.0,0.0,0.0,0.67
706,Hanna Arvay & Zalan Szegedi,3,33.33,50.0,1,2,4,4,73,78,26,27,36,27,11,24,2,8.67,9.0,9.0,9.0,5.5,12.0,2.0
707,Gabriela Penha De Moura & Matheus Martini Albino,3,0.0,14.29,0,3,1,6,46,81,21,33,17,36,8,12,1,7.0,11.0,12.0,12.0,8.0,12.0,0.14
708,Hamdi Hellal & Tarek Charoud,3,33.33,33.33,1,2,2,4,47,55,23,26,24,29,0,0,0,7.67,8.67,9.67,9.67,0.0,0.0,0.67
709,Gustavo Morales Morales & Sebastian  Moreno,3,0.0,0.0,0,3,0,6,37,72,14,36,23,36,0,0,0,4.67,12.0,12.0,12.0,0.0,0.0,0.0
710,Guilherme Ughini Nedel & Rafael  Silva De Menezes,3,33.33,33.33,1,2,2,4,44,54,20,24,24,30,0,0,0,6.67,8.0,10.0,10.0,0.0,0.0,0.67
711,Gregory Schindler & Rui Leitao,3,33.33,33.33,1,2,2,4,54,57,27,31,27,26,0,0,0,9.0,10.33,8.67,8.67,0.0,0.0,0.67
712,Goerge Escobar & Martin Gonzalez,3,33.33,50.0,1,2,4,4,69,85,22,35,36,26,11,24,2,7.33,11.67,8.67,8.67,5.5,12.0,2.0
713,Gilbert Bita & Marcos Ochoa,3,0.0,0.0,0,3,0,6,41,72,21,36,20,36,0,0,0,7.0,12.0,12.0,12.0,0.0,0.0,0.0
714,Gilbert Bita & Jorge Angel Aguirre,3,0.0,0.0,0,3,0,6,33,72,18,36,15,36,0,0,0,6.0,12.0,12.0,12.0,0.0,0.0,0.0
715,Gauthier Berna & Hugo Armindo,3,0.0,0.0,0,3,0,6,27,72,18,36,9,36,0,0,0,6.0,12.0,12.0,12.0,0.0,0.0,0.0
716,Gabriela Zachova & Lukas Flaks,3,33.33,33.33,1,2,2,4,51,57,27,27,24,30,0,0,0,9.0,9.0,10.0,10.0,0.0,0.0,0.67
717,Gabriela Zachova & Iva Burvalova,3,33.33,33.33,1,2,2,4,44,67,25,34,19,33,0,0,0,8.33,11.33,11.0,11.0,0.0,0.0,0.67
718,Eliot Stallings & Michelle Lee,3,0.0,0.0,0,3,0,6,39,72,11,36,28,36,0,0,0,3.67,12.0,12.0,12.0,0.0,0.0,0.0
719,Dimitar Pejcinovski & Konstantin Cicevski,3,33.33,33.33,1,2,2,4,46,63,22,32,24,31,0,0,0,7.33,10.67,10.33,10.33,0.0,0.0,0.67
720,Danielle  Kovacevic & Samantha Karolynne Evangelista  Monteiro,3,0.0,0.0,0,3,0,6,21,72,12,36,9,36,0,0,0,4.0,12.0,12.0,12.0,0.0,0.0,0.0
721,Danrlei Santos Massena & Lucas Alexandre,3,0.0,0.0,0,3,0,6,13,72,8,36,5,36,0,0,0,2.67,12.0,12.0,12.0,0.0,0.0,0.0
722,David Kratochvil & Zuzana Tomsova,3,0.0,14.29,0,3,1,6,49,83,24,36,21,35,4,12,1,8.0,12.0,11.67,11.67,4.0,12.0,0.14
723,Diogo Ramirez & Isaac Solares Isaac Solares,3,0.0,0.0,0,3,0,6,34,72,19,36,15,36,0,0,0,6.33,12.0,12.0,12.0,0.0,0.0,0.0
724,Dishit  Jain & Glenn Williams,3,0.0,0.0,0,3,0,6,34,72,18,36,16,36,0,0,0,6.0,12.0,12.0,12.0,0.0,0.0,0.0
725,Djeneba Coulibaly & Oumou Toure,3,33.33,33.33,1,2,2,4,40,64,23,30,17,34,0,0,0,7.67,10.0,11.33,11.33,0.0,0.0,0.67
726,Abdelkarim Karboudj & Jabar Oumeddour,3,0.0,0.0,0,3,0,6,20,72,10,36,10,36,0,0,0,3.33,12.0,12.0,12.0,0.0,0.0,0.0
727,Douglas Dos Santos Domingos & Maicon  Rodrigues Nogueira,3,0.0,0.0,0,3,0,6,29,72,15,36,14,36,0,0,0,5.0,12.0,12.0,12.0,0.0,0.0,0.0
728,Darius Nicolae Nagy & Vasile Ladislau Sorean,3,33.33,33.33,1,2,2,4,48,63,25,28,23,35,0,0,0,8.33,9.33,11.67,11.67,0.0,0.0,0.67
729,Eduardo  Moraes Rangel & Milton Vicente Marques Junior,3,0.0,0.0,0,3,0,6,22,72,6,36,16,36,0,0,0,2.0,12.0,12.0,12.0,0.0,0.0,0.0
730,Dimitar Pejcinovski & Kirill  Zemskov,3,33.33,33.33,1,2,2,4,44,54,18,28,26,26,0,0,0,6.0,9.33,8.67,8.67,0.0,0.0,0.67
731,Danilo Cesar Stefanelli & Pedro Haddad Cardoso Moreira,3,33.33,42.86,1,2,3,4,60,66,24,26,26,28,10,12,1,8.0,8.67,9.33,9.33,10.0,12.0,1.29
732,Dian Georgiev & Stoycho Zhekov,3,33.33,33.33,1,2,2,4,49,63,21,30,28,33,0,0,0,7.0,10.0,11.0,11.0,0.0,0.0,0.67
733,Diogo  Souza De Araujo & Fabio Da Silva Ribeiro,3,33.33,33.33,1,2,2,4,45,70,20,35,25,35,0,0,0,6.67,11.67,11.67,11.67,0.0,0.0,0.67
734,Deiver Alexander Lopez & Tyler  Regan,3,33.33,42.86,1,2,3,4,69,74,34,32,29,30,6,12,1,11.33,10.67,10.0,10.0,6.0,12.0,1.29
735,Daniel Leyva & Tyler James Moriarty,3,33.33,33.33,1,2,2,4,31,56,15,26,26,30,0,0,0,5.0,8.67,10.0,10.0,0.0,0.0,0.67
736,Edwin  Garcia & Jessy Padron,3,33.33,33.33,1,2,2,4,50,61,27,31,23,30,0,0,0,9.0,10.33,10.0,10.0,0.0,0.0,0.67
737,Eduardo Villar Arango & Jesus Garcia,3,33.33,33.33,1,2,2,4,46,53,24,28,22,25,0,0,0,8.0,9.33,8.33,8.33,0.0,0.0,0.67
738,Eduardo Villar Arango & Joao Vitor De Oliveira,3,33.33,28.57,1,2,2,5,58,77,18,36,27,30,13,11,1,6.0,12.0,10.0,10.0,13.0,11.0,0.57
739,Davi Viegas & Gustavo Silva De Mendonca Cataldo,3,33.33,33.33,1,2,2,4,45,62,23,31,22,31,0,0,0,7.67,10.33,10.33,10.33,0.0,0.0,0.67
740,Davi Viegas & Larisa Eugenio Da Silva,3,0.0,0.0,0,3,0,6,32,72,14,36,18,36,0,0,0,4.67,12.0,12.0,12.0,0.0,0.0,0.0
741,Daniel Kolbaev & Moldoshev Bektur,3,0.0,14.29,0,3,1,6,62,82,20,36,31,33,11,13,1,6.67,12.0,11.0,11.0,11.0,13.0,0.14
742,David Bakal & Margaret Osmundson,3,33.33,50.0,1,2,4,4,81,77,26,33,36,20,19,24,2,8.67,11.0,6.67,6.67,9.5,12.0,2.0
743,Daniel  Prado Fernandes & Gustavo A Grisales,3,33.33,28.57,1,2,2,5,63,76,26,30,25,36,12,10,1,8.67,10.0,12.0,12.0,12.0,10.0,0.57
744,Daouda Ly & Ilyess El Haddad,3,33.33,33.33,1,2,2,4,39,63,19,33,20,30,0,0,0,6.33,11.0,10.0,10.0,0.0,0.0,0.67
745,Mateusz Stepniewski & Pawel Krzysztof  Sokolowski,2,0.0,0.0,0,2,0,4,11,48,2,24,9,24,0,0,0,1.0,12.0,12.0,12.0,0.0,0.0,0.0
746,Aleksandra Orzechowska & Olaf Powierza,2,0.0,0.0,0,2,0,4,29,48,13,24,16,24,0,0,0,6.5,12.0,12.0,12.0,0.0,0.0,0.0
747,Chidera Akubuilo & Samantha Layman,2,0.0,20.0,0,2,1,4,32,57,8,24,17,21,7,12,1,4.0,12.0,10.5,10.5,7.0,12.0,0.2
748,Hanna Arvay & Krisztina Acs,2,0.0,0.0,0,2,0,4,16,48,6,24,10,24,0,0,0,3.0,12.0,12.0,12.0,0.0,0.0,0.0
749,Alejandro Ordaz & Antonio Gil,2,50.0,50.0,1,1,2,2,32,39,14,21,18,18,0,0,0,7.0,10.5,9.0,9.0,0.0,0.0,1.0
750,Ricardo Piedade Da Silva & Rui Leitao,2,0.0,0.0,0,2,0,4,13,48,7,24,6,24,0,0,0,3.5,12.0,12.0,12.0,0.0,0.0,0.0
751,Joshua  Alcantara & Kyle Riley,2,0.0,0.0,0,2,0,4,29,48,13,24,16,24,0,0,0,6.5,12.0,12.0,12.0,0.0,0.0,0.0
752,Daouda Ly & Yanis Sakhi,2,0.0,0.0,0,2,0,4,16,48,9,24,7,24,0,0,0,4.5,12.0,12.0,12.0,0.0,0.0,0.0
753,Agnieszka Rybicka & Krystian Michalczyk,2,0.0,0.0,0,2,0,4,17,48,6,24,11,24,0,0,0,3.0,12.0,12.0,12.0,0.0,0.0,0.0
754,Lea Grunenwald & Loris  Kapp,2,0.0,0.0,0,2,0,4,19,48,12,24,7,24,0,0,0,6.0,12.0,12.0,12.0,0.0,0.0,0.0
755,Ahmed Alkhafaji & Frank Alisha Alisha,2,0.0,0.0,0,2,0,4,24,48,8,24,16,24,0,0,0,4.0,12.0,12.0,12.0,0.0,0.0,0.0
756,Ilyess El Haddad & Kennan Benalloua,2,50.0,40.0,1,1,2,3,41,56,17,22,12,24,12,10,1,8.5,11.0,12.0,12.0,12.0,10.0,0.8
757,Agnieszka Rybicka & Kacper Otoczynski,2,0.0,0.0,0,2,0,4,24,48,14,24,10,24,0,0,0,7.0,12.0,12.0,12.0,0.0,0.0,0.0
758,Ciulea Antonia Elena & Vasile Alexandru Sabau,2,0.0,0.0,0,2,0,4,25,48,12,24,13,24,0,0,0,6.0,12.0,12.0,12.0,0.0,0.0,0.0
759,Silvia Ferrer Garcia & Tunde Miklos,2,0.0,0.0,0,2,0,4,21,48,12,24,9,24,0,0,0,6.0,12.0,12.0,12.0,0.0,0.0,0.0
760,Claudio Davi Ponte Dos Santos & Naielly Moura Almeida,2,0.0,0.0,0,2,0,4,33,48,17,24,16,24,0,0,0,8.5,12.0,12.0,12.0,0.0,0.0,0.0
761,Jacob Olea & Patrick Timmer,2,0.0,0.0,0,2,0,4,24,48,9,24,15,24,0,0,0,4.5,12.0,12.0,12.0,0.0,0.0,0.0
762,Achille Wozniak-Lemarie & Adrien Uka,2,0.0,0.0,0,2,0,4,19,48,5,24,14,24,0,0,0,2.5,12.0,12.0,12.0,0.0,0.0,0.0
763,Vasile Alexandru Sabau & Zoltan Nagy,2,0.0,0.0,0,2,0,4,24,48,10,24,14,24,0,0,0,5.0,12.0,12.0,12.0,0.0,0.0,0.0
764,Abdulwahab Alqattan & Zaid Eidan,2,50.0,40.0,1,1,2,3,46,45,13,24,21,15,12,6,1,6.5,12.0,7.5,7.5,12.0,6.0,0.8
765,Abdullateef Alshatti & Hussain Al Bannay,2,0.0,0.0,0,2,0,4,33,48,14,24,19,24,0,0,0,7.0,12.0,12.0,12.0,0.0,0.0,0.0
766,Jawaher Abboud & Stephanie Khler,2,0.0,0.0,0,2,0,4,12,48,11,24,1,24,0,0,0,5.5,12.0,12.0,12.0,0.0,0.0,0.0
767,Alexandra  Costa Araujo & Luis Fernando Caetano Dos Santos,2,0.0,0.0,0,2,0,4,30,48,14,24,16,24,0,0,0,7.0,12.0,12.0,12.0,0.0,0.0,0.0
768,Amelie  Julian & Lea Hoffmann,2,0.0,0.0,0,2,0,4,29,48,15,24,14,24,0,0,0,7.5,12.0,12.0,12.0,0.0,0.0,0.0
769,Lanseni Camara & Lassine Kone,2,0.0,0.0,0,2,0,4,29,48,15,24,14,24,0,0,0,7.5,12.0,12.0,12.0,0.0,0.0,0.0
770,Kevin Mckeon & Nicholas Rogers,2,0.0,0.0,0,2,0,4,21,48,18,24,3,24,0,0,0,9.0,12.0,12.0,12.0,0.0,0.0,0.0
771,Anna Mendes & Antonio  Henriques,2,0.0,0.0,0,2,0,4,14,48,7,24,7,24,0,0,0,3.5,12.0,12.0,12.0,0.0,0.0,0.0
772,Bartlomiej Franczuk & Zuzanna  Nikisz,2,0.0,0.0,0,2,0,4,24,48,11,24,13,24,0,0,0,5.5,12.0,12.0,12.0,0.0,0.0,0.0
773,Barna Kovacsfi & Nancy Avesyan,2,0.0,0.0,0,2,0,4,26,48,14,24,12,24,0,0,0,7.0,12.0,12.0,12.0,0.0,0.0,0.0
774,Anthony Magana & Megan Nicole Fish,2,50.0,50.0,1,1,2,2,39,34,18,19,21,15,0,0,0,9.0,9.5,7.5,7.5,0.0,0.0,1.0
775,Anthony Sanchez & Eric Sanchez,2,0.0,0.0,0,2,0,4,26,48,13,24,13,24,0,0,0,6.5,12.0,12.0,12.0,0.0,0.0,0.0
776,Barna Kadar & Tamas Varro,2,0.0,0.0,0,2,0,4,25,48,14,24,11,24,0,0,0,7.0,12.0,12.0,12.0,0.0,0.0,0.0
777,Anton Kiryakov & Pedro Henrique Geraldo Dos Santos Mota,2,0.0,0.0,0,2,0,4,26,48,18,24,8,24,0,0,0,9.0,12.0,12.0,12.0,0.0,0.0,0.0
778,Paulo Roberto Kendzerski Junior & Thiago Nunes Quites,2,0.0,0.0,0,2,0,4,34,48,12,24,22,24,0,0,0,6.0,12.0,12.0,12.0,0.0,0.0,0.0
779,Matt Beasley & Tyler James Moriarty,2,0.0,0.0,0,2,0,4,17,48,7,24,10,24,0,0,0,3.5,12.0,12.0,12.0,0.0,0.0,0.0
780,Balazs Kardos & Mate Hercegfi,2,0.0,0.0,0,2,0,4,16,48,9,24,7,24,0,0,0,4.5,12.0,12.0,12.0,0.0,0.0,0.0
781,Ariana Dowell & Rilind  Radoniqi,2,0.0,0.0,0,2,0,4,27,48,13,24,14,24,0,0,0,6.5,12.0,12.0,12.0,0.0,0.0,0.0
782,Martin Csereklye & Marton Horvath,2,0.0,20.0,0,2,1,4,46,59,15,24,19,21,12,14,1,7.5,12.0,10.5,10.5,12.0,14.0,0.2
783,Elvia Loredo & Gilbert Bita,2,0.0,0.0,0,2,0,4,18,48,9,24,9,24,0,0,0,4.5,12.0,12.0,12.0,0.0,0.0,0.0
784,Balazs Gergely & Ferenc Pap,2,0.0,20.0,0,2,1,4,42,59,16,24,15,22,11,13,1,8.0,12.0,11.0,11.0,11.0,13.0,0.2
785,Dominika  Stepniewska & Mateusz Stepniewski,2,0.0,0.0,0,2,0,4,15,48,6,24,9,24,0,0,0,3.0,12.0,12.0,12.0,0.0,0.0,0.0
786,Klaudia Mindak & Piotr Cygan,2,0.0,0.0,0,2,0,4,14,48,8,24,6,24,0,0,0,4.0,12.0,12.0,12.0,0.0,0.0,0.0
787,Felipe Tolotti & Gabrielle  Pereira Costa,2,0.0,0.0,0,2,0,4,23,48,13,24,10,24,0,0,0,6.5,12.0,12.0,12.0,0.0,0.0,0.0
788,Maja Umicevic & Radoslav Mitro,2,0.0,0.0,0,2,0,4,20,48,7,24,13,24,0,0,0,3.5,12.0,12.0,12.0,0.0,0.0,0.0
789,Carlo Capua & Maryann  Means-Dufrene,2,0.0,0.0,0,2,0,4,22,48,6,24,16,24,0,0,0,3.0,12.0,12.0,12.0,0.0,0.0,0.0
790,Davin  Randall & Lucas Sasso Carli,2,0.0,20.0,0,2,1,4,44,60,20,23,13,24,11,13,1,10.0,11.5,12.0,12.0,11.0,13.0,0.2
791,Caio Chrigor & Marcos Aurelio Motta Pilho,2,0.0,20.0,0,2,1,4,40,59,15,23,17,24,8,12,1,7.5,11.5,12.0,12.0,8.0,12.0,0.2
792,Dimitar Pejcinovski & Dunja Dragicevic,2,0.0,0.0,0,2,0,4,18,48,8,24,10,24,0,0,0,4.0,12.0,12.0,12.0,0.0,0.0,0.0
793,Noemie Philipp & Rohn Solene,2,0.0,0.0,0,2,0,4,12,48,4,24,8,24,0,0,0,2.0,12.0,12.0,12.0,0.0,0.0,0.0
794,Bruna Fernandes Bahiana & Luiz Henrique  Pereira Braga Araujo,2,0.0,0.0,0,2,0,4,32,48,14,24,18,24,0,0,0,7.0,12.0,12.0,12.0,0.0,0.0,0.0
795,Malak Benyounes & Zebatte Samia,2,0.0,0.0,0,2,0,4,23,48,16,24,7,24,0,0,0,8.0,12.0,12.0,12.0,0.0,0.0,0.0
796,Brian Mengel Thomsen & Laura  Hansen,2,0.0,20.0,0,2,1,4,41,59,17,23,15,24,9,12,1,8.5,11.5,12.0,12.0,9.0,12.0,0.2
797,Frankie Diaz & Zalan Szegedi,2,50.0,40.0,1,1,2,3,44,51,19,19,13,24,12,8,1,9.5,9.5,12.0,12.0,12.0,8.0,0.8
798,Andre  Kunz Sana & Jorge Cuyuch,2,0.0,0.0,0,2,0,4,24,48,11,24,13,24,0,0,0,5.5,12.0,12.0,12.0,0.0,0.0,0.0
799,Brian Guerrero & Juan  Moreno,2,0.0,0.0,0,2,0,4,20,48,10,24,10,24,0,0,0,5.0,12.0,12.0,12.0,0.0,0.0,0.0
800,Diogo Filipe Bento De Jesus & Joao Miguel Vasconcelos Rodrigues,2,0.0,0.0,0,2,0,4,23,48,6,24,17,24,0,0,0,3.0,12.0,12.0,12.0,0.0,0.0,0.0
801,Andres Berriel & Rubem Miranda,2,100.0,100.0,2,0,4,0,48,20,24,7,24,13,0,0,0,12.0,3.5,6.5,6.5,0.0,0.0,4.0
802,Dani Peleva & Maja Umicevic,2,0.0,0.0,0,2,0,4,20,48,10,24,10,24,0,0,0,5.0,12.0,12.0,12.0,0.0,0.0,0.0
803,Ahmad Ben-Zayed & Mohamad Hafez,1,0.0,0.0,0,1,0,2,15,24,10,12,5,12,0,0,0,10.0,12.0,12.0,12.0,0.0,0.0,0.0
804,Iva Burvalova & Petr Bubniak,1,0.0,33.33,0,1,1,2,28,34,6,12,12,10,10,12,1,6.0,12.0,10.0,10.0,10.0,12.0,0.33
